occurrenceID,catalogNumber,institutionCode,basisOfRecord,scientificName,family,genus,specificEpithet,locationID,locality,country,decimalLatitude,decimalLongitude,habitat,minimumElevationInMeters,eventDate,recordedBy,identifiedBy,associatedSequences,associatedMedia
DESC-ANT-00001,CAT00001,MFN,PreservedSpecimen,Crematogaster sp16,Formicidae,Crematogaster,sp16,P01,Example plot P01,Costa Rica,9.0,-83.6,primary forest,210,2027-03-15,Example collector,Example taxonomist,COI_Crematogaster_sp16,DESC-ANT-00001_head_frontal.tif
DESC-ANT-00002,CAT00002,MFN,PreservedSpecimen,Crematogaster sp16,Formicidae,Crematogaster,sp16,P01,Example plot P01,Costa Rica,9.0,-83.6,primary forest,210,2027-03-15,Example collector,Example taxonomist,,DESC-ANT-00002_head_frontal.tif
DESC-ANT-00003,CAT00003,MFN,PreservedSpecimen,Odontomachus sp12,Formicidae,Odontomachus,sp12,P01,Example plot P01,Costa Rica,9.0,-83.6,primary forest,210,2027-03-15,Example collector,Example taxonomist,COI_Odontomachus_sp12,DESC-ANT-00003_head_frontal.tif
DESC-ANT-00004,CAT00004,MFN,PreservedSpecimen,Odontomachus sp12,Formicidae,Odontomachus,sp12,P01,Example plot P01,Costa Rica,9.0,-83.6,primary forest,210,2027-03-15,Example collector,Example taxonomist,,DESC-ANT-00004_head_frontal.tif
DESC-ANT-00005,CAT00005,MFN,PreservedSpecimen,Pheidole sp01,Formicidae,Pheidole,sp01,P01,Example plot P01,Costa Rica,9.0,-83.6,primary forest,210,2027-03-15,Example collector,Example taxonomist,COI_Pheidole_sp01,DESC-ANT-00005_head_frontal.tif
DESC-ANT-00006,CAT00006,MFN,PreservedSpecimen,Pheidole sp01,Formicidae,Pheidole,sp01,P01,Example plot P01,Costa Rica,9.0,-83.6,primary forest,210,2027-03-15,Example collector,Example taxonomist,,DESC-ANT-00006_head_frontal.tif
DESC-ANT-00007,CAT00007,MFN,PreservedSpecimen,Pheidole sp01,Formicidae,Pheidole,sp01,P01,Example plot P01,Costa Rica,9.0,-83.6,primary forest,210,2027-03-15,Example collector,Example taxonomist,,DESC-ANT-00007_head_frontal.tif
DESC-ANT-00008,CAT00008,MFN,PreservedSpecimen,Pheidole sp13,Formicidae,Pheidole,sp13,P01,Example plot P01,Costa Rica,9.0,-83.6,primary forest,210,2027-03-15,Example collector,Example taxonomist,COI_Pheidole_sp13,DESC-ANT-00008_head_frontal.tif
DESC-ANT-00009,CAT00009,MFN,PreservedSpecimen,Pheidole sp13,Formicidae,Pheidole,sp13,P01,Example plot P01,Costa Rica,9.0,-83.6,primary forest,210,2027-03-15,Example collector,Example taxonomist,,DESC-ANT-00009_head_frontal.tif
DESC-ANT-00010,CAT00010,MFN,PreservedSpecimen,Pheidole sp13,Formicidae,Pheidole,sp13,P01,Example plot P01,Costa Rica,9.0,-83.6,primary forest,210,2027-03-15,Example collector,Example taxonomist,,DESC-ANT-00010_head_frontal.tif
DESC-ANT-00011,CAT00011,MFN,PreservedSpecimen,Pheidole sp19,Formicidae,Pheidole,sp19,P01,Example plot P01,Costa Rica,9.0,-83.6,primary forest,210,2027-03-15,Example collector,Example taxonomist,COI_Pheidole_sp19,DESC-ANT-00011_head_frontal.tif
DESC-ANT-00012,CAT00012,MFN,PreservedSpecimen,Pheidole sp19,Formicidae,Pheidole,sp19,P01,Example plot P01,Costa Rica,9.0,-83.6,primary forest,210,2027-03-15,Example collector,Example taxonomist,,DESC-ANT-00012_head_frontal.tif
DESC-ANT-00013,CAT00013,MFN,PreservedSpecimen,Pheidole sp19,Formicidae,Pheidole,sp19,P01,Example plot P01,Costa Rica,9.0,-83.6,primary forest,210,2027-03-15,Example collector,Example taxonomist,,DESC-ANT-00013_head_frontal.tif
DESC-ANT-00014,CAT00014,MFN,PreservedSpecimen,Strumigenys sp02,Formicidae,Strumigenys,sp02,P01,Example plot P01,Costa Rica,9.0,-83.6,primary forest,210,2027-03-15,Example collector,Example taxonomist,COI_Strumigenys_sp02,DESC-ANT-00014_head_frontal.tif
DESC-ANT-00015,CAT00015,MFN,PreservedSpecimen,Strumigenys sp08,Formicidae,Strumigenys,sp08,P01,Example plot P01,Costa Rica,9.0,-83.6,primary forest,210,2027-03-15,Example collector,Example taxonomist,COI_Strumigenys_sp08,DESC-ANT-00015_head_frontal.tif
DESC-ANT-00016,CAT00016,MFN,PreservedSpecimen,Strumigenys sp08,Formicidae,Strumigenys,sp08,P01,Example plot P01,Costa Rica,9.0,-83.6,primary forest,210,2027-03-15,Example collector,Example taxonomist,,DESC-ANT-00016_head_frontal.tif
DESC-ANT-00017,CAT00017,MFN,PreservedSpecimen,Strumigenys sp14,Formicidae,Strumigenys,sp14,P01,Example plot P01,Costa Rica,9.0,-83.6,primary forest,210,2027-03-15,Example collector,Example taxonomist,COI_Strumigenys_sp14,DESC-ANT-00017_head_frontal.tif
DESC-ANT-00018,CAT00018,MFN,PreservedSpecimen,Strumigenys sp14,Formicidae,Strumigenys,sp14,P01,Example plot P01,Costa Rica,9.0,-83.6,primary forest,210,2027-03-15,Example collector,Example taxonomist,,DESC-ANT-00018_head_frontal.tif
DESC-ANT-00019,CAT00019,MFN,PreservedSpecimen,Strumigenys sp14,Formicidae,Strumigenys,sp14,P01,Example plot P01,Costa Rica,9.0,-83.6,primary forest,210,2027-03-15,Example collector,Example taxonomist,,DESC-ANT-00019_head_frontal.tif
DESC-ANT-00020,CAT00020,MFN,PreservedSpecimen,Strumigenys sp20,Formicidae,Strumigenys,sp20,P01,Example plot P01,Costa Rica,9.0,-83.6,primary forest,210,2027-03-15,Example collector,Example taxonomist,COI_Strumigenys_sp20,DESC-ANT-00020_head_frontal.tif
DESC-ANT-00021,CAT00021,MFN,PreservedSpecimen,Strumigenys sp20,Formicidae,Strumigenys,sp20,P01,Example plot P01,Costa Rica,9.0,-83.6,primary forest,210,2027-03-15,Example collector,Example taxonomist,,DESC-ANT-00021_head_frontal.tif
DESC-ANT-00022,CAT00022,MFN,PreservedSpecimen,Strumigenys sp20,Formicidae,Strumigenys,sp20,P01,Example plot P01,Costa Rica,9.0,-83.6,primary forest,210,2027-03-15,Example collector,Example taxonomist,,DESC-ANT-00022_head_frontal.tif
DESC-ANT-00023,CAT00023,MFN,PreservedSpecimen,Tetramorium sp23,Formicidae,Tetramorium,sp23,P01,Example plot P01,Costa Rica,9.0,-83.6,primary forest,210,2027-03-15,Example collector,Example taxonomist,COI_Tetramorium_sp23,DESC-ANT-00023_head_frontal.tif
DESC-ANT-00024,CAT00024,MFN,PreservedSpecimen,Tetramorium sp23,Formicidae,Tetramorium,sp23,P01,Example plot P01,Costa Rica,9.0,-83.6,primary forest,210,2027-03-15,Example collector,Example taxonomist,,DESC-ANT-00024_head_frontal.tif
DESC-ANT-00025,CAT00025,MFN,PreservedSpecimen,Camponotus sp15,Formicidae,Camponotus,sp15,P02,Example plot P02,Costa Rica,9.05,-83.64,primary forest,234,2027-03-15,Example collector,Example taxonomist,COI_Camponotus_sp15,DESC-ANT-00025_head_frontal.tif
DESC-ANT-00026,CAT00026,MFN,PreservedSpecimen,Odontomachus sp12,Formicidae,Odontomachus,sp12,P02,Example plot P02,Costa Rica,9.05,-83.64,primary forest,234,2027-03-15,Example collector,Example taxonomist,,DESC-ANT-00026_head_frontal.tif
DESC-ANT-00027,CAT00027,MFN,PreservedSpecimen,Odontomachus sp24,Formicidae,Odontomachus,sp24,P02,Example plot P02,Costa Rica,9.05,-83.64,primary forest,234,2027-03-15,Example collector,Example taxonomist,COI_Odontomachus_sp24,DESC-ANT-00027_head_frontal.tif
DESC-ANT-00028,CAT00028,MFN,PreservedSpecimen,Odontomachus sp24,Formicidae,Odontomachus,sp24,P02,Example plot P02,Costa Rica,9.05,-83.64,primary forest,234,2027-03-15,Example collector,Example taxonomist,,DESC-ANT-00028_head_frontal.tif
DESC-ANT-00029,CAT00029,MFN,PreservedSpecimen,Pheidole sp13,Formicidae,Pheidole,sp13,P02,Example plot P02,Costa Rica,9.05,-83.64,primary forest,234,2027-03-15,Example collector,Example taxonomist,,DESC-ANT-00029_head_frontal.tif
DESC-ANT-00030,CAT00030,MFN,PreservedSpecimen,Pheidole sp13,Formicidae,Pheidole,sp13,P02,Example plot P02,Costa Rica,9.05,-83.64,primary forest,234,2027-03-15,Example collector,Example taxonomist,,DESC-ANT-00030_head_frontal.tif
DESC-ANT-00031,CAT00031,MFN,PreservedSpecimen,Pheidole sp13,Formicidae,Pheidole,sp13,P02,Example plot P02,Costa Rica,9.05,-83.64,primary forest,234,2027-03-15,Example collector,Example taxonomist,,DESC-ANT-00031_head_frontal.tif
DESC-ANT-00032,CAT00032,MFN,PreservedSpecimen,Pheidole sp19,Formicidae,Pheidole,sp19,P02,Example plot P02,Costa Rica,9.05,-83.64,primary forest,234,2027-03-15,Example collector,Example taxonomist,,DESC-ANT-00032_head_frontal.tif
DESC-ANT-00033,CAT00033,MFN,PreservedSpecimen,Pheidole sp19,Formicidae,Pheidole,sp19,P02,Example plot P02,Costa Rica,9.05,-83.64,primary forest,234,2027-03-15,Example collector,Example taxonomist,,DESC-ANT-00033_head_frontal.tif
DESC-ANT-00034,CAT00034,MFN,PreservedSpecimen,Strumigenys sp08,Formicidae,Strumigenys,sp08,P02,Example plot P02,Costa Rica,9.05,-83.64,primary forest,234,2027-03-15,Example collector,Example taxonomist,,DESC-ANT-00034_head_frontal.tif
DESC-ANT-00035,CAT00035,MFN,PreservedSpecimen,Strumigenys sp08,Formicidae,Strumigenys,sp08,P02,Example plot P02,Costa Rica,9.05,-83.64,primary forest,234,2027-03-15,Example collector,Example taxonomist,,DESC-ANT-00035_head_frontal.tif
DESC-ANT-00036,CAT00036,MFN,PreservedSpecimen,Strumigenys sp08,Formicidae,Strumigenys,sp08,P02,Example plot P02,Costa Rica,9.05,-83.64,primary forest,234,2027-03-15,Example collector,Example taxonomist,,DESC-ANT-00036_head_frontal.tif
DESC-ANT-00037,CAT00037,MFN,PreservedSpecimen,Strumigenys sp20,Formicidae,Strumigenys,sp20,P02,Example plot P02,Costa Rica,9.05,-83.64,primary forest,234,2027-03-15,Example collector,Example taxonomist,,DESC-ANT-00037_head_frontal.tif
DESC-ANT-00038,CAT00038,MFN,PreservedSpecimen,Strumigenys sp20,Formicidae,Strumigenys,sp20,P02,Example plot P02,Costa Rica,9.05,-83.64,primary forest,234,2027-03-15,Example collector,Example taxonomist,,DESC-ANT-00038_head_frontal.tif
DESC-ANT-00039,CAT00039,MFN,PreservedSpecimen,Strumigenys sp20,Formicidae,Strumigenys,sp20,P02,Example plot P02,Costa Rica,9.05,-83.64,primary forest,234,2027-03-15,Example collector,Example taxonomist,,DESC-ANT-00039_head_frontal.tif
DESC-ANT-00040,CAT00040,MFN,PreservedSpecimen,Pheidole sp01,Formicidae,Pheidole,sp01,P03,Example plot P03,Costa Rica,9.1,-83.68,primary forest,305,2027-03-15,Example collector,Example taxonomist,,DESC-ANT-00040_head_frontal.tif
DESC-ANT-00041,CAT00041,MFN,PreservedSpecimen,Pheidole sp13,Formicidae,Pheidole,sp13,P03,Example plot P03,Costa Rica,9.1,-83.68,primary forest,305,2027-03-15,Example collector,Example taxonomist,,DESC-ANT-00041_head_frontal.tif
DESC-ANT-00042,CAT00042,MFN,PreservedSpecimen,Pheidole sp19,Formicidae,Pheidole,sp19,P03,Example plot P03,Costa Rica,9.1,-83.68,primary forest,305,2027-03-15,Example collector,Example taxonomist,,DESC-ANT-00042_head_frontal.tif
DESC-ANT-00043,CAT00043,MFN,PreservedSpecimen,Pheidole sp19,Formicidae,Pheidole,sp19,P03,Example plot P03,Costa Rica,9.1,-83.68,primary forest,305,2027-03-15,Example collector,Example taxonomist,,DESC-ANT-00043_head_frontal.tif
DESC-ANT-00044,CAT00044,MFN,PreservedSpecimen,Strumigenys sp02,Formicidae,Strumigenys,sp02,P03,Example plot P03,Costa Rica,9.1,-83.68,primary forest,305,2027-03-15,Example collector,Example taxonomist,,DESC-ANT-00044_head_frontal.tif
DESC-ANT-00045,CAT00045,MFN,PreservedSpecimen,Strumigenys sp08,Formicidae,Strumigenys,sp08,P03,Example plot P03,Costa Rica,9.1,-83.68,primary forest,305,2027-03-15,Example collector,Example taxonomist,,DESC-ANT-00045_head_frontal.tif
DESC-ANT-00046,CAT00046,MFN,PreservedSpecimen,Strumigenys sp08,Formicidae,Strumigenys,sp08,P03,Example plot P03,Costa Rica,9.1,-83.68,primary forest,305,2027-03-15,Example collector,Example taxonomist,,DESC-ANT-00046_head_frontal.tif
DESC-ANT-00047,CAT00047,MFN,PreservedSpecimen,Strumigenys sp14,Formicidae,Strumigenys,sp14,P03,Example plot P03,Costa Rica,9.1,-83.68,primary forest,305,2027-03-15,Example collector,Example taxonomist,,DESC-ANT-00047_head_frontal.tif
DESC-ANT-00048,CAT00048,MFN,PreservedSpecimen,Strumigenys sp20,Formicidae,Strumigenys,sp20,P03,Example plot P03,Costa Rica,9.1,-83.68,primary forest,305,2027-03-15,Example collector,Example taxonomist,,DESC-ANT-00048_head_frontal.tif
DESC-ANT-00049,CAT00049,MFN,PreservedSpecimen,Strumigenys sp20,Formicidae,Strumigenys,sp20,P03,Example plot P03,Costa Rica,9.1,-83.68,primary forest,305,2027-03-15,Example collector,Example taxonomist,,DESC-ANT-00049_head_frontal.tif
DESC-ANT-00050,CAT00050,MFN,PreservedSpecimen,Tetramorium sp17,Formicidae,Tetramorium,sp17,P03,Example plot P03,Costa Rica,9.1,-83.68,primary forest,305,2027-03-15,Example collector,Example taxonomist,COI_Tetramorium_sp17,DESC-ANT-00050_head_frontal.tif
DESC-ANT-00051,CAT00051,MFN,PreservedSpecimen,Tetramorium sp17,Formicidae,Tetramorium,sp17,P03,Example plot P03,Costa Rica,9.1,-83.68,primary forest,305,2027-03-15,Example collector,Example taxonomist,,DESC-ANT-00051_head_frontal.tif
DESC-ANT-00052,CAT00052,MFN,PreservedSpecimen,Tetramorium sp23,Formicidae,Tetramorium,sp23,P03,Example plot P03,Costa Rica,9.1,-83.68,primary forest,305,2027-03-15,Example collector,Example taxonomist,,DESC-ANT-00052_head_frontal.tif
DESC-ANT-00053,CAT00053,MFN,PreservedSpecimen,Tetramorium sp23,Formicidae,Tetramorium,sp23,P03,Example plot P03,Costa Rica,9.1,-83.68,primary forest,305,2027-03-15,Example collector,Example taxonomist,,DESC-ANT-00053_head_frontal.tif
DESC-ANT-00054,CAT00054,MFN,PreservedSpecimen,Tetramorium sp23,Formicidae,Tetramorium,sp23,P03,Example plot P03,Costa Rica,9.1,-83.68,primary forest,305,2027-03-15,Example collector,Example taxonomist,,DESC-ANT-00054_head_frontal.tif
DESC-ANT-00055,CAT00055,MFN,PreservedSpecimen,Camponotus sp15,Formicidae,Camponotus,sp15,P04,Example plot P04,Costa Rica,9.15,-83.72,primary forest,359,2027-03-15,Example collector,Example taxonomist,,DESC-ANT-00055_head_frontal.tif
DESC-ANT-00056,CAT00056,MFN,PreservedSpecimen,Camponotus sp21,Formicidae,Camponotus,sp21,P04,Example plot P04,Costa Rica,9.15,-83.72,primary forest,359,2027-03-15,Example collector,Example taxonomist,COI_Camponotus_sp21,DESC-ANT-00056_head_frontal.tif
DESC-ANT-00057,CAT00057,MFN,PreservedSpecimen,Odontomachus sp12,Formicidae,Odontomachus,sp12,P04,Example plot P04,Costa Rica,9.15,-83.72,primary forest,359,2027-03-15,Example collector,Example taxonomist,,DESC-ANT-00057_head_frontal.tif
DESC-ANT-00058,CAT00058,MFN,PreservedSpecimen,Odontomachus sp12,Formicidae,Odontomachus,sp12,P04,Example plot P04,Costa Rica,9.15,-83.72,primary forest,359,2027-03-15,Example collector,Example taxonomist,,DESC-ANT-00058_head_frontal.tif
DESC-ANT-00059,CAT00059,MFN,PreservedSpecimen,Odontomachus sp12,Formicidae,Odontomachus,sp12,P04,Example plot P04,Costa Rica,9.15,-83.72,primary forest,359,2027-03-15,Example collector,Example taxonomist,,DESC-ANT-00059_head_frontal.tif
DESC-ANT-00060,CAT00060,MFN,PreservedSpecimen,Pheidole sp01,Formicidae,Pheidole,sp01,P04,Example plot P04,Costa Rica,9.15,-83.72,primary forest,359,2027-03-15,Example collector,Example taxonomist,,DESC-ANT-00060_head_frontal.tif
DESC-ANT-00061,CAT00061,MFN,PreservedSpecimen,Pheidole sp01,Formicidae,Pheidole,sp01,P04,Example plot P04,Costa Rica,9.15,-83.72,primary forest,359,2027-03-15,Example collector,Example taxonomist,,DESC-ANT-00061_head_frontal.tif
DESC-ANT-00062,CAT00062,MFN,PreservedSpecimen,Pheidole sp13,Formicidae,Pheidole,sp13,P04,Example plot P04,Costa Rica,9.15,-83.72,primary forest,359,2027-03-15,Example collector,Example taxonomist,,DESC-ANT-00062_head_frontal.tif
DESC-ANT-00063,CAT00063,MFN,PreservedSpecimen,Pheidole sp13,Formicidae,Pheidole,sp13,P04,Example plot P04,Costa Rica,9.15,-83.72,primary forest,359,2027-03-15,Example collector,Example taxonomist,,DESC-ANT-00063_head_frontal.tif
DESC-ANT-00064,CAT00064,MFN,PreservedSpecimen,Pheidole sp13,Formicidae,Pheidole,sp13,P04,Example plot P04,Costa Rica,9.15,-83.72,primary forest,359,2027-03-15,Example collector,Example taxonomist,,DESC-ANT-00064_head_frontal.tif
DESC-ANT-00065,CAT00065,MFN,PreservedSpecimen,Pheidole sp19,Formicidae,Pheidole,sp19,P04,Example plot P04,Costa Rica,9.15,-83.72,primary forest,359,2027-03-15,Example collector,Example taxonomist,,DESC-ANT-00065_head_frontal.tif
DESC-ANT-00066,CAT00066,MFN,PreservedSpecimen,Pheidole sp19,Formicidae,Pheidole,sp19,P04,Example plot P04,Costa Rica,9.15,-83.72,primary forest,359,2027-03-15,Example collector,Example taxonomist,,DESC-ANT-00066_head_frontal.tif
DESC-ANT-00067,CAT00067,MFN,PreservedSpecimen,Pheidole sp19,Formicidae,Pheidole,sp19,P04,Example plot P04,Costa Rica,9.15,-83.72,primary forest,359,2027-03-15,Example collector,Example taxonomist,,DESC-ANT-00067_head_frontal.tif
DESC-ANT-00068,CAT00068,MFN,PreservedSpecimen,Strumigenys sp02,Formicidae,Strumigenys,sp02,P04,Example plot P04,Costa Rica,9.15,-83.72,primary forest,359,2027-03-15,Example collector,Example taxonomist,,DESC-ANT-00068_head_frontal.tif
DESC-ANT-00069,CAT00069,MFN,PreservedSpecimen,Strumigenys sp02,Formicidae,Strumigenys,sp02,P04,Example plot P04,Costa Rica,9.15,-83.72,primary forest,359,2027-03-15,Example collector,Example taxonomist,,DESC-ANT-00069_head_frontal.tif
DESC-ANT-00070,CAT00070,MFN,PreservedSpecimen,Strumigenys sp08,Formicidae,Strumigenys,sp08,P04,Example plot P04,Costa Rica,9.15,-83.72,primary forest,359,2027-03-15,Example collector,Example taxonomist,,DESC-ANT-00070_head_frontal.tif
DESC-ANT-00071,CAT00071,MFN,PreservedSpecimen,Strumigenys sp20,Formicidae,Strumigenys,sp20,P04,Example plot P04,Costa Rica,9.15,-83.72,primary forest,359,2027-03-15,Example collector,Example taxonomist,,DESC-ANT-00071_head_frontal.tif
DESC-ANT-00072,CAT00072,MFN,PreservedSpecimen,Camponotus sp15,Formicidae,Camponotus,sp15,P05,Example plot P05,Costa Rica,9.2,-83.76,primary forest,443,2027-03-15,Example collector,Example taxonomist,,DESC-ANT-00072_head_frontal.tif
DESC-ANT-00073,CAT00073,MFN,PreservedSpecimen,Odontomachus sp06,Formicidae,Odontomachus,sp06,P05,Example plot P05,Costa Rica,9.2,-83.76,primary forest,443,2027-03-15,Example collector,Example taxonomist,COI_Odontomachus_sp06,DESC-ANT-00073_head_frontal.tif
DESC-ANT-00074,CAT00074,MFN,PreservedSpecimen,Odontomachus sp12,Formicidae,Odontomachus,sp12,P05,Example plot P05,Costa Rica,9.2,-83.76,primary forest,443,2027-03-15,Example collector,Example taxonomist,,DESC-ANT-00074_head_frontal.tif
DESC-ANT-00075,CAT00075,MFN,PreservedSpecimen,Odontomachus sp12,Formicidae,Odontomachus,sp12,P05,Example plot P05,Costa Rica,9.2,-83.76,primary forest,443,2027-03-15,Example collector,Example taxonomist,,DESC-ANT-00075_head_frontal.tif
DESC-ANT-00076,CAT00076,MFN,PreservedSpecimen,Pheidole sp01,Formicidae,Pheidole,sp01,P05,Example plot P05,Costa Rica,9.2,-83.76,primary forest,443,2027-03-15,Example collector,Example taxonomist,,DESC-ANT-00076_head_frontal.tif
DESC-ANT-00077,CAT00077,MFN,PreservedSpecimen,Pheidole sp01,Formicidae,Pheidole,sp01,P05,Example plot P05,Costa Rica,9.2,-83.76,primary forest,443,2027-03-15,Example collector,Example taxonomist,,DESC-ANT-00077_head_frontal.tif
DESC-ANT-00078,CAT00078,MFN,PreservedSpecimen,Pheidole sp01,Formicidae,Pheidole,sp01,P05,Example plot P05,Costa Rica,9.2,-83.76,primary forest,443,2027-03-15,Example collector,Example taxonomist,,DESC-ANT-00078_head_frontal.tif
DESC-ANT-00079,CAT00079,MFN,PreservedSpecimen,Pheidole sp07,Formicidae,Pheidole,sp07,P05,Example plot P05,Costa Rica,9.2,-83.76,primary forest,443,2027-03-15,Example collector,Example taxonomist,COI_Pheidole_sp07,DESC-ANT-00079_head_frontal.tif
DESC-ANT-00080,CAT00080,MFN,PreservedSpecimen,Pheidole sp13,Formicidae,Pheidole,sp13,P05,Example plot P05,Costa Rica,9.2,-83.76,primary forest,443,2027-03-15,Example collector,Example taxonomist,,DESC-ANT-00080_head_frontal.tif
DESC-ANT-00081,CAT00081,MFN,PreservedSpecimen,Pheidole sp13,Formicidae,Pheidole,sp13,P05,Example plot P05,Costa Rica,9.2,-83.76,primary forest,443,2027-03-15,Example collector,Example taxonomist,,DESC-ANT-00081_head_frontal.tif
DESC-ANT-00082,CAT00082,MFN,PreservedSpecimen,Tetramorium sp17,Formicidae,Tetramorium,sp17,P05,Example plot P05,Costa Rica,9.2,-83.76,primary forest,443,2027-03-15,Example collector,Example taxonomist,,DESC-ANT-00082_head_frontal.tif
DESC-ANT-00083,CAT00083,MFN,PreservedSpecimen,Tetramorium sp17,Formicidae,Tetramorium,sp17,P05,Example plot P05,Costa Rica,9.2,-83.76,primary forest,443,2027-03-15,Example collector,Example taxonomist,,DESC-ANT-00083_head_frontal.tif
DESC-ANT-00084,CAT00084,MFN,PreservedSpecimen,Tetramorium sp17,Formicidae,Tetramorium,sp17,P05,Example plot P05,Costa Rica,9.2,-83.76,primary forest,443,2027-03-15,Example collector,Example taxonomist,,DESC-ANT-00084_head_frontal.tif
DESC-ANT-00085,CAT00085,MFN,PreservedSpecimen,Camponotus sp21,Formicidae,Camponotus,sp21,P06,Example plot P06,Costa Rica,9.25,-83.8,primary forest,521,2027-03-15,Example collector,Example taxonomist,,DESC-ANT-00085_head_frontal.tif
DESC-ANT-00086,CAT00086,MFN,PreservedSpecimen,Camponotus sp21,Formicidae,Camponotus,sp21,P06,Example plot P06,Costa Rica,9.25,-83.8,primary forest,521,2027-03-15,Example collector,Example taxonomist,,DESC-ANT-00086_head_frontal.tif
DESC-ANT-00087,CAT00087,MFN,PreservedSpecimen,Odontomachus sp06,Formicidae,Odontomachus,sp06,P06,Example plot P06,Costa Rica,9.25,-83.8,primary forest,521,2027-03-15,Example collector,Example taxonomist,,DESC-ANT-00087_head_frontal.tif
DESC-ANT-00088,CAT00088,MFN,PreservedSpecimen,Odontomachus sp06,Formicidae,Odontomachus,sp06,P06,Example plot P06,Costa Rica,9.25,-83.8,primary forest,521,2027-03-15,Example collector,Example taxonomist,,DESC-ANT-00088_head_frontal.tif
DESC-ANT-00089,CAT00089,MFN,PreservedSpecimen,Odontomachus sp12,Formicidae,Odontomachus,sp12,P06,Example plot P06,Costa Rica,9.25,-83.8,primary forest,521,2027-03-15,Example collector,Example taxonomist,,DESC-ANT-00089_head_frontal.tif
DESC-ANT-00090,CAT00090,MFN,PreservedSpecimen,Odontomachus sp24,Formicidae,Odontomachus,sp24,P06,Example plot P06,Costa Rica,9.25,-83.8,primary forest,521,2027-03-15,Example collector,Example taxonomist,,DESC-ANT-00090_head_frontal.tif
DESC-ANT-00091,CAT00091,MFN,PreservedSpecimen,Odontomachus sp24,Formicidae,Odontomachus,sp24,P06,Example plot P06,Costa Rica,9.25,-83.8,primary forest,521,2027-03-15,Example collector,Example taxonomist,,DESC-ANT-00091_head_frontal.tif
DESC-ANT-00092,CAT00092,MFN,PreservedSpecimen,Odontomachus sp24,Formicidae,Odontomachus,sp24,P06,Example plot P06,Costa Rica,9.25,-83.8,primary forest,521,2027-03-15,Example collector,Example taxonomist,,DESC-ANT-00092_head_frontal.tif
DESC-ANT-00093,CAT00093,MFN,PreservedSpecimen,Pheidole sp01,Formicidae,Pheidole,sp01,P06,Example plot P06,Costa Rica,9.25,-83.8,primary forest,521,2027-03-15,Example collector,Example taxonomist,,DESC-ANT-00093_head_frontal.tif
DESC-ANT-00094,CAT00094,MFN,PreservedSpecimen,Pheidole sp19,Formicidae,Pheidole,sp19,P06,Example plot P06,Costa Rica,9.25,-83.8,primary forest,521,2027-03-15,Example collector,Example taxonomist,,DESC-ANT-00094_head_frontal.tif
DESC-ANT-00095,CAT00095,MFN,PreservedSpecimen,Pheidole sp19,Formicidae,Pheidole,sp19,P06,Example plot P06,Costa Rica,9.25,-83.8,primary forest,521,2027-03-15,Example collector,Example taxonomist,,DESC-ANT-00095_head_frontal.tif
DESC-ANT-00096,CAT00096,MFN,PreservedSpecimen,Pheidole sp19,Formicidae,Pheidole,sp19,P06,Example plot P06,Costa Rica,9.25,-83.8,primary forest,521,2027-03-15,Example collector,Example taxonomist,,DESC-ANT-00096_head_frontal.tif
DESC-ANT-00097,CAT00097,MFN,PreservedSpecimen,Strumigenys sp08,Formicidae,Strumigenys,sp08,P06,Example plot P06,Costa Rica,9.25,-83.8,primary forest,521,2027-03-15,Example collector,Example taxonomist,,DESC-ANT-00097_head_frontal.tif
DESC-ANT-00098,CAT00098,MFN,PreservedSpecimen,Strumigenys sp08,Formicidae,Strumigenys,sp08,P06,Example plot P06,Costa Rica,9.25,-83.8,primary forest,521,2027-03-15,Example collector,Example taxonomist,,DESC-ANT-00098_head_frontal.tif
DESC-ANT-00099,CAT00099,MFN,PreservedSpecimen,Strumigenys sp08,Formicidae,Strumigenys,sp08,P06,Example plot P06,Costa Rica,9.25,-83.8,primary forest,521,2027-03-15,Example collector,Example taxonomist,,DESC-ANT-00099_head_frontal.tif
DESC-ANT-00100,CAT00100,MFN,PreservedSpecimen,Strumigenys sp14,Formicidae,Strumigenys,sp14,P06,Example plot P06,Costa Rica,9.25,-83.8,primary forest,521,2027-03-15,Example collector,Example taxonomist,,DESC-ANT-00100_head_frontal.tif
DESC-ANT-00101,CAT00101,MFN,PreservedSpecimen,Tetramorium sp17,Formicidae,Tetramorium,sp17,P06,Example plot P06,Costa Rica,9.25,-83.8,primary forest,521,2027-03-15,Example collector,Example taxonomist,,DESC-ANT-00101_head_frontal.tif
DESC-ANT-00102,CAT00102,MFN,PreservedSpecimen,Tetramorium sp17,Formicidae,Tetramorium,sp17,P06,Example plot P06,Costa Rica,9.25,-83.8,primary forest,521,2027-03-15,Example collector,Example taxonomist,,DESC-ANT-00102_head_frontal.tif
DESC-ANT-00103,CAT00103,MFN,PreservedSpecimen,Crematogaster sp16,Formicidae,Crematogaster,sp16,P07,Example plot P07,Costa Rica,9.3,-83.84,primary forest,575,2027-03-15,Example collector,Example taxonomist,,DESC-ANT-00103_head_frontal.tif
DESC-ANT-00104,CAT00104,MFN,PreservedSpecimen,Odontomachus sp06,Formicidae,Odontomachus,sp06,P07,Example plot P07,Costa Rica,9.3,-83.84,primary forest,575,2027-03-15,Example collector,Example taxonomist,,DESC-ANT-00104_head_frontal.tif
DESC-ANT-00105,CAT00105,MFN,PreservedSpecimen,Odontomachus sp06,Formicidae,Odontomachus,sp06,P07,Example plot P07,Costa Rica,9.3,-83.84,primary forest,575,2027-03-15,Example collector,Example taxonomist,,DESC-ANT-00105_head_frontal.tif
DESC-ANT-00106,CAT00106,MFN,PreservedSpecimen,Odontomachus sp06,Formicidae,Odontomachus,sp06,P07,Example plot P07,Costa Rica,9.3,-83.84,primary forest,575,2027-03-15,Example collector,Example taxonomist,,DESC-ANT-00106_head_frontal.tif
DESC-ANT-00107,CAT00107,MFN,PreservedSpecimen,Odontomachus sp12,Formicidae,Odontomachus,sp12,P07,Example plot P07,Costa Rica,9.3,-83.84,primary forest,575,2027-03-15,Example collector,Example taxonomist,,DESC-ANT-00107_head_frontal.tif
DESC-ANT-00108,CAT00108,MFN,PreservedSpecimen,Pheidole sp07,Formicidae,Pheidole,sp07,P07,Example plot P07,Costa Rica,9.3,-83.84,primary forest,575,2027-03-15,Example collector,Example taxonomist,,DESC-ANT-00108_head_frontal.tif
DESC-ANT-00109,CAT00109,MFN,PreservedSpecimen,Strumigenys sp02,Formicidae,Strumigenys,sp02,P07,Example plot P07,Costa Rica,9.3,-83.84,primary forest,575,2027-03-15,Example collector,Example taxonomist,,DESC-ANT-00109_head_frontal.tif
DESC-ANT-00110,CAT00110,MFN,PreservedSpecimen,Strumigenys sp14,Formicidae,Strumigenys,sp14,P07,Example plot P07,Costa Rica,9.3,-83.84,primary forest,575,2027-03-15,Example collector,Example taxonomist,,DESC-ANT-00110_head_frontal.tif
DESC-ANT-00111,CAT00111,MFN,PreservedSpecimen,Camponotus sp15,Formicidae,Camponotus,sp15,P08,Example plot P08,Costa Rica,9.35,-83.88,primary forest,618,2027-03-15,Example collector,Example taxonomist,,DESC-ANT-00111_head_frontal.tif
DESC-ANT-00112,CAT00112,MFN,PreservedSpecimen,Camponotus sp15,Formicidae,Camponotus,sp15,P08,Example plot P08,Costa Rica,9.35,-83.88,primary forest,618,2027-03-15,Example collector,Example taxonomist,,DESC-ANT-00112_head_frontal.tif
DESC-ANT-00113,CAT00113,MFN,PreservedSpecimen,Camponotus sp15,Formicidae,Camponotus,sp15,P08,Example plot P08,Costa Rica,9.35,-83.88,primary forest,618,2027-03-15,Example collector,Example taxonomist,,DESC-ANT-00113_head_frontal.tif
DESC-ANT-00114,CAT00114,MFN,PreservedSpecimen,Odontomachus sp06,Formicidae,Odontomachus,sp06,P08,Example plot P08,Costa Rica,9.35,-83.88,primary forest,618,2027-03-15,Example collector,Example taxonomist,,DESC-ANT-00114_head_frontal.tif
DESC-ANT-00115,CAT00115,MFN,PreservedSpecimen,Pheidole sp01,Formicidae,Pheidole,sp01,P08,Example plot P08,Costa Rica,9.35,-83.88,primary forest,618,2027-03-15,Example collector,Example taxonomist,,DESC-ANT-00115_head_frontal.tif
DESC-ANT-00116,CAT00116,MFN,PreservedSpecimen,Pheidole sp01,Formicidae,Pheidole,sp01,P08,Example plot P08,Costa Rica,9.35,-83.88,primary forest,618,2027-03-15,Example collector,Example taxonomist,,DESC-ANT-00116_head_frontal.tif
DESC-ANT-00117,CAT00117,MFN,PreservedSpecimen,Pheidole sp01,Formicidae,Pheidole,sp01,P08,Example plot P08,Costa Rica,9.35,-83.88,primary forest,618,2027-03-15,Example collector,Example taxonomist,,DESC-ANT-00117_head_frontal.tif
DESC-ANT-00118,CAT00118,MFN,PreservedSpecimen,Pheidole sp07,Formicidae,Pheidole,sp07,P08,Example plot P08,Costa Rica,9.35,-83.88,primary forest,618,2027-03-15,Example collector,Example taxonomist,,DESC-ANT-00118_head_frontal.tif
DESC-ANT-00119,CAT00119,MFN,PreservedSpecimen,Pheidole sp13,Formicidae,Pheidole,sp13,P08,Example plot P08,Costa Rica,9.35,-83.88,primary forest,618,2027-03-15,Example collector,Example taxonomist,,DESC-ANT-00119_head_frontal.tif
DESC-ANT-00120,CAT00120,MFN,PreservedSpecimen,Pheidole sp13,Formicidae,Pheidole,sp13,P08,Example plot P08,Costa Rica,9.35,-83.88,primary forest,618,2027-03-15,Example collector,Example taxonomist,,DESC-ANT-00120_head_frontal.tif
DESC-ANT-00121,CAT00121,MFN,PreservedSpecimen,Pheidole sp19,Formicidae,Pheidole,sp19,P08,Example plot P08,Costa Rica,9.35,-83.88,primary forest,618,2027-03-15,Example collector,Example taxonomist,,DESC-ANT-00121_head_frontal.tif
DESC-ANT-00122,CAT00122,MFN,PreservedSpecimen,Pheidole sp19,Formicidae,Pheidole,sp19,P08,Example plot P08,Costa Rica,9.35,-83.88,primary forest,618,2027-03-15,Example collector,Example taxonomist,,DESC-ANT-00122_head_frontal.tif
DESC-ANT-00123,CAT00123,MFN,PreservedSpecimen,Pheidole sp19,Formicidae,Pheidole,sp19,P08,Example plot P08,Costa Rica,9.35,-83.88,primary forest,618,2027-03-15,Example collector,Example taxonomist,,DESC-ANT-00123_head_frontal.tif
DESC-ANT-00124,CAT00124,MFN,PreservedSpecimen,Strumigenys sp08,Formicidae,Strumigenys,sp08,P08,Example plot P08,Costa Rica,9.35,-83.88,primary forest,618,2027-03-15,Example collector,Example taxonomist,,DESC-ANT-00124_head_frontal.tif
DESC-ANT-00125,CAT00125,MFN,PreservedSpecimen,Strumigenys sp08,Formicidae,Strumigenys,sp08,P08,Example plot P08,Costa Rica,9.35,-83.88,primary forest,618,2027-03-15,Example collector,Example taxonomist,,DESC-ANT-00125_head_frontal.tif
DESC-ANT-00126,CAT00126,MFN,PreservedSpecimen,Strumigenys sp08,Formicidae,Strumigenys,sp08,P08,Example plot P08,Costa Rica,9.35,-83.88,primary forest,618,2027-03-15,Example collector,Example taxonomist,,DESC-ANT-00126_head_frontal.tif
DESC-ANT-00127,CAT00127,MFN,PreservedSpecimen,Strumigenys sp20,Formicidae,Strumigenys,sp20,P08,Example plot P08,Costa Rica,9.35,-83.88,primary forest,618,2027-03-15,Example collector,Example taxonomist,,DESC-ANT-00127_head_frontal.tif
DESC-ANT-00128,CAT00128,MFN,PreservedSpecimen,Tetramorium sp23,Formicidae,Tetramorium,sp23,P08,Example plot P08,Costa Rica,9.35,-83.88,primary forest,618,2027-03-15,Example collector,Example taxonomist,,DESC-ANT-00128_head_frontal.tif
DESC-ANT-00129,CAT00129,MFN,PreservedSpecimen,Tetramorium sp23,Formicidae,Tetramorium,sp23,P08,Example plot P08,Costa Rica,9.35,-83.88,primary forest,618,2027-03-15,Example collector,Example taxonomist,,DESC-ANT-00129_head_frontal.tif
DESC-ANT-00130,CAT00130,MFN,PreservedSpecimen,Tetramorium sp23,Formicidae,Tetramorium,sp23,P08,Example plot P08,Costa Rica,9.35,-83.88,primary forest,618,2027-03-15,Example collector,Example taxonomist,,DESC-ANT-00130_head_frontal.tif
DESC-ANT-00131,CAT00131,MFN,PreservedSpecimen,Camponotus sp15,Formicidae,Camponotus,sp15,P09,Example plot P09,Costa Rica,9.4,-83.92,primary forest,670,2027-03-15,Example collector,Example taxonomist,,DESC-ANT-00131_head_frontal.tif
DESC-ANT-00132,CAT00132,MFN,PreservedSpecimen,Camponotus sp21,Formicidae,Camponotus,sp21,P09,Example plot P09,Costa Rica,9.4,-83.92,primary forest,670,2027-03-15,Example collector,Example taxonomist,,DESC-ANT-00132_head_frontal.tif
DESC-ANT-00133,CAT00133,MFN,PreservedSpecimen,Odontomachus sp24,Formicidae,Odontomachus,sp24,P09,Example plot P09,Costa Rica,9.4,-83.92,primary forest,670,2027-03-15,Example collector,Example taxonomist,,DESC-ANT-00133_head_frontal.tif
DESC-ANT-00134,CAT00134,MFN,PreservedSpecimen,Odontomachus sp24,Formicidae,Odontomachus,sp24,P09,Example plot P09,Costa Rica,9.4,-83.92,primary forest,670,2027-03-15,Example collector,Example taxonomist,,DESC-ANT-00134_head_frontal.tif
DESC-ANT-00135,CAT00135,MFN,PreservedSpecimen,Odontomachus sp24,Formicidae,Odontomachus,sp24,P09,Example plot P09,Costa Rica,9.4,-83.92,primary forest,670,2027-03-15,Example collector,Example taxonomist,,DESC-ANT-00135_head_frontal.tif
DESC-ANT-00136,CAT00136,MFN,PreservedSpecimen,Strumigenys sp02,Formicidae,Strumigenys,sp02,P09,Example plot P09,Costa Rica,9.4,-83.92,primary forest,670,2027-03-15,Example collector,Example taxonomist,,DESC-ANT-00136_head_frontal.tif
DESC-ANT-00137,CAT00137,MFN,PreservedSpecimen,Strumigenys sp08,Formicidae,Strumigenys,sp08,P09,Example plot P09,Costa Rica,9.4,-83.92,primary forest,670,2027-03-15,Example collector,Example taxonomist,,DESC-ANT-00137_head_frontal.tif
DESC-ANT-00138,CAT00138,MFN,PreservedSpecimen,Strumigenys sp08,Formicidae,Strumigenys,sp08,P09,Example plot P09,Costa Rica,9.4,-83.92,primary forest,670,2027-03-15,Example collector,Example taxonomist,,DESC-ANT-00138_head_frontal.tif
DESC-ANT-00139,CAT00139,MFN,PreservedSpecimen,Strumigenys sp20,Formicidae,Strumigenys,sp20,P09,Example plot P09,Costa Rica,9.4,-83.92,primary forest,670,2027-03-15,Example collector,Example taxonomist,,DESC-ANT-00139_head_frontal.tif
DESC-ANT-00140,CAT00140,MFN,PreservedSpecimen,Camponotus sp15,Formicidae,Camponotus,sp15,P10,Example plot P10,Costa Rica,9.45,-83.96,primary forest,731,2027-03-15,Example collector,Example taxonomist,,DESC-ANT-00140_head_frontal.tif
DESC-ANT-00141,CAT00141,MFN,PreservedSpecimen,Camponotus sp15,Formicidae,Camponotus,sp15,P10,Example plot P10,Costa Rica,9.45,-83.96,primary forest,731,2027-03-15,Example collector,Example taxonomist,,DESC-ANT-00141_head_frontal.tif
DESC-ANT-00142,CAT00142,MFN,PreservedSpecimen,Camponotus sp15,Formicidae,Camponotus,sp15,P10,Example plot P10,Costa Rica,9.45,-83.96,primary forest,731,2027-03-15,Example collector,Example taxonomist,,DESC-ANT-00142_head_frontal.tif
DESC-ANT-00143,CAT00143,MFN,PreservedSpecimen,Odontomachus sp06,Formicidae,Odontomachus,sp06,P10,Example plot P10,Costa Rica,9.45,-83.96,primary forest,731,2027-03-15,Example collector,Example taxonomist,,DESC-ANT-00143_head_frontal.tif
DESC-ANT-00144,CAT00144,MFN,PreservedSpecimen,Odontomachus sp06,Formicidae,Odontomachus,sp06,P10,Example plot P10,Costa Rica,9.45,-83.96,primary forest,731,2027-03-15,Example collector,Example taxonomist,,DESC-ANT-00144_head_frontal.tif
DESC-ANT-00145,CAT00145,MFN,PreservedSpecimen,Odontomachus sp12,Formicidae,Odontomachus,sp12,P10,Example plot P10,Costa Rica,9.45,-83.96,primary forest,731,2027-03-15,Example collector,Example taxonomist,,DESC-ANT-00145_head_frontal.tif
DESC-ANT-00146,CAT00146,MFN,PreservedSpecimen,Odontomachus sp12,Formicidae,Odontomachus,sp12,P10,Example plot P10,Costa Rica,9.45,-83.96,primary forest,731,2027-03-15,Example collector,Example taxonomist,,DESC-ANT-00146_head_frontal.tif
DESC-ANT-00147,CAT00147,MFN,PreservedSpecimen,Pheidole sp01,Formicidae,Pheidole,sp01,P10,Example plot P10,Costa Rica,9.45,-83.96,primary forest,731,2027-03-15,Example collector,Example taxonomist,,DESC-ANT-00147_head_frontal.tif
DESC-ANT-00148,CAT00148,MFN,PreservedSpecimen,Strumigenys sp20,Formicidae,Strumigenys,sp20,P10,Example plot P10,Costa Rica,9.45,-83.96,primary forest,731,2027-03-15,Example collector,Example taxonomist,,DESC-ANT-00148_head_frontal.tif
DESC-ANT-00149,CAT00149,MFN,PreservedSpecimen,Tetramorium sp17,Formicidae,Tetramorium,sp17,P10,Example plot P10,Costa Rica,9.45,-83.96,primary forest,731,2027-03-15,Example collector,Example taxonomist,,DESC-ANT-00149_head_frontal.tif
DESC-ANT-00150,CAT00150,MFN,PreservedSpecimen,Tetramorium sp17,Formicidae,Tetramorium,sp17,P10,Example plot P10,Costa Rica,9.45,-83.96,primary forest,731,2027-03-15,Example collector,Example taxonomist,,DESC-ANT-00150_head_frontal.tif
DESC-ANT-00151,CAT00151,MFN,PreservedSpecimen,Tetramorium sp17,Formicidae,Tetramorium,sp17,P10,Example plot P10,Costa Rica,9.45,-83.96,primary forest,731,2027-03-15,Example collector,Example taxonomist,,DESC-ANT-00151_head_frontal.tif
DESC-ANT-00152,CAT00152,MFN,PreservedSpecimen,Tetramorium sp23,Formicidae,Tetramorium,sp23,P10,Example plot P10,Costa Rica,9.45,-83.96,primary forest,731,2027-03-15,Example collector,Example taxonomist,,DESC-ANT-00152_head_frontal.tif
DESC-ANT-00153,CAT00153,MFN,PreservedSpecimen,Tetramorium sp23,Formicidae,Tetramorium,sp23,P10,Example plot P10,Costa Rica,9.45,-83.96,primary forest,731,2027-03-15,Example collector,Example taxonomist,,DESC-ANT-00153_head_frontal.tif
DESC-ANT-00154,CAT00154,MFN,PreservedSpecimen,Tetramorium sp23,Formicidae,Tetramorium,sp23,P10,Example plot P10,Costa Rica,9.45,-83.96,primary forest,731,2027-03-15,Example collector,Example taxonomist,,DESC-ANT-00154_head_frontal.tif
DESC-ANT-00155,CAT00155,MFN,PreservedSpecimen,Camponotus sp15,Formicidae,Camponotus,sp15,S01,Example plot S01,Costa Rica,9.5,-84.0,secondary forest,809,2027-03-15,Example collector,Example taxonomist,,DESC-ANT-00155_head_frontal.tif
DESC-ANT-00156,CAT00156,MFN,PreservedSpecimen,Camponotus sp15,Formicidae,Camponotus,sp15,S01,Example plot S01,Costa Rica,9.5,-84.0,secondary forest,809,2027-03-15,Example collector,Example taxonomist,,DESC-ANT-00156_head_frontal.tif
DESC-ANT-00157,CAT00157,MFN,PreservedSpecimen,Crematogaster sp04,Formicidae,Crematogaster,sp04,S01,Example plot S01,Costa Rica,9.5,-84.0,secondary forest,809,2027-03-15,Example collector,Example taxonomist,COI_Crematogaster_sp04,DESC-ANT-00157_head_frontal.tif
DESC-ANT-00158,CAT00158,MFN,PreservedSpecimen,Crematogaster sp16,Formicidae,Crematogaster,sp16,S01,Example plot S01,Costa Rica,9.5,-84.0,secondary forest,809,2027-03-15,Example collector,Example taxonomist,,DESC-ANT-00158_head_frontal.tif
DESC-ANT-00159,CAT00159,MFN,PreservedSpecimen,Pheidole sp07,Formicidae,Pheidole,sp07,S01,Example plot S01,Costa Rica,9.5,-84.0,secondary forest,809,2027-03-15,Example collector,Example taxonomist,,DESC-ANT-00159_head_frontal.tif
DESC-ANT-00160,CAT00160,MFN,PreservedSpecimen,Pheidole sp07,Formicidae,Pheidole,sp07,S01,Example plot S01,Costa Rica,9.5,-84.0,secondary forest,809,2027-03-15,Example collector,Example taxonomist,,DESC-ANT-00160_head_frontal.tif
DESC-ANT-00161,CAT00161,MFN,PreservedSpecimen,Strumigenys sp14,Formicidae,Strumigenys,sp14,S01,Example plot S01,Costa Rica,9.5,-84.0,secondary forest,809,2027-03-15,Example collector,Example taxonomist,,DESC-ANT-00161_head_frontal.tif
DESC-ANT-00162,CAT00162,MFN,PreservedSpecimen,Strumigenys sp20,Formicidae,Strumigenys,sp20,S01,Example plot S01,Costa Rica,9.5,-84.0,secondary forest,809,2027-03-15,Example collector,Example taxonomist,,DESC-ANT-00162_head_frontal.tif
DESC-ANT-00163,CAT00163,MFN,PreservedSpecimen,Strumigenys sp20,Formicidae,Strumigenys,sp20,S01,Example plot S01,Costa Rica,9.5,-84.0,secondary forest,809,2027-03-15,Example collector,Example taxonomist,,DESC-ANT-00163_head_frontal.tif
DESC-ANT-00164,CAT00164,MFN,PreservedSpecimen,Tetramorium sp05,Formicidae,Tetramorium,sp05,S01,Example plot S01,Costa Rica,9.5,-84.0,secondary forest,809,2027-03-15,Example collector,Example taxonomist,COI_Tetramorium_sp05,DESC-ANT-00164_head_frontal.tif
DESC-ANT-00165,CAT00165,MFN,PreservedSpecimen,Tetramorium sp05,Formicidae,Tetramorium,sp05,S01,Example plot S01,Costa Rica,9.5,-84.0,secondary forest,809,2027-03-15,Example collector,Example taxonomist,,DESC-ANT-00165_head_frontal.tif
DESC-ANT-00166,CAT00166,MFN,PreservedSpecimen,Camponotus sp03,Formicidae,Camponotus,sp03,S02,Example plot S02,Costa Rica,9.55,-84.04,secondary forest,866,2027-03-15,Example collector,Example taxonomist,COI_Camponotus_sp03,DESC-ANT-00166_head_frontal.tif
DESC-ANT-00167,CAT00167,MFN,PreservedSpecimen,Camponotus sp15,Formicidae,Camponotus,sp15,S02,Example plot S02,Costa Rica,9.55,-84.04,secondary forest,866,2027-03-15,Example collector,Example taxonomist,,DESC-ANT-00167_head_frontal.tif
DESC-ANT-00168,CAT00168,MFN,PreservedSpecimen,Camponotus sp15,Formicidae,Camponotus,sp15,S02,Example plot S02,Costa Rica,9.55,-84.04,secondary forest,866,2027-03-15,Example collector,Example taxonomist,,DESC-ANT-00168_head_frontal.tif
DESC-ANT-00169,CAT00169,MFN,PreservedSpecimen,Camponotus sp15,Formicidae,Camponotus,sp15,S02,Example plot S02,Costa Rica,9.55,-84.04,secondary forest,866,2027-03-15,Example collector,Example taxonomist,,DESC-ANT-00169_head_frontal.tif
DESC-ANT-00170,CAT00170,MFN,PreservedSpecimen,Crematogaster sp10,Formicidae,Crematogaster,sp10,S02,Example plot S02,Costa Rica,9.55,-84.04,secondary forest,866,2027-03-15,Example collector,Example taxonomist,COI_Crematogaster_sp10,DESC-ANT-00170_head_frontal.tif
DESC-ANT-00171,CAT00171,MFN,PreservedSpecimen,Crematogaster sp10,Formicidae,Crematogaster,sp10,S02,Example plot S02,Costa Rica,9.55,-84.04,secondary forest,866,2027-03-15,Example collector,Example taxonomist,,DESC-ANT-00171_head_frontal.tif
DESC-ANT-00172,CAT00172,MFN,PreservedSpecimen,Pheidole sp13,Formicidae,Pheidole,sp13,S02,Example plot S02,Costa Rica,9.55,-84.04,secondary forest,866,2027-03-15,Example collector,Example taxonomist,,DESC-ANT-00172_head_frontal.tif
DESC-ANT-00173,CAT00173,MFN,PreservedSpecimen,Pheidole sp13,Formicidae,Pheidole,sp13,S02,Example plot S02,Costa Rica,9.55,-84.04,secondary forest,866,2027-03-15,Example collector,Example taxonomist,,DESC-ANT-00173_head_frontal.tif
DESC-ANT-00174,CAT00174,MFN,PreservedSpecimen,Strumigenys sp20,Formicidae,Strumigenys,sp20,S02,Example plot S02,Costa Rica,9.55,-84.04,secondary forest,866,2027-03-15,Example collector,Example taxonomist,,DESC-ANT-00174_head_frontal.tif
DESC-ANT-00175,CAT00175,MFN,PreservedSpecimen,Strumigenys sp20,Formicidae,Strumigenys,sp20,S02,Example plot S02,Costa Rica,9.55,-84.04,secondary forest,866,2027-03-15,Example collector,Example taxonomist,,DESC-ANT-00175_head_frontal.tif
DESC-ANT-00176,CAT00176,MFN,PreservedSpecimen,Strumigenys sp20,Formicidae,Strumigenys,sp20,S02,Example plot S02,Costa Rica,9.55,-84.04,secondary forest,866,2027-03-15,Example collector,Example taxonomist,,DESC-ANT-00176_head_frontal.tif
DESC-ANT-00177,CAT00177,MFN,PreservedSpecimen,Tetramorium sp05,Formicidae,Tetramorium,sp05,S02,Example plot S02,Costa Rica,9.55,-84.04,secondary forest,866,2027-03-15,Example collector,Example taxonomist,,DESC-ANT-00177_head_frontal.tif
DESC-ANT-00178,CAT00178,MFN,PreservedSpecimen,Tetramorium sp05,Formicidae,Tetramorium,sp05,S02,Example plot S02,Costa Rica,9.55,-84.04,secondary forest,866,2027-03-15,Example collector,Example taxonomist,,DESC-ANT-00178_head_frontal.tif
DESC-ANT-00179,CAT00179,MFN,PreservedSpecimen,Tetramorium sp11,Formicidae,Tetramorium,sp11,S02,Example plot S02,Costa Rica,9.55,-84.04,secondary forest,866,2027-03-15,Example collector,Example taxonomist,COI_Tetramorium_sp11,DESC-ANT-00179_head_frontal.tif
DESC-ANT-00180,CAT00180,MFN,PreservedSpecimen,Tetramorium sp11,Formicidae,Tetramorium,sp11,S02,Example plot S02,Costa Rica,9.55,-84.04,secondary forest,866,2027-03-15,Example collector,Example taxonomist,,DESC-ANT-00180_head_frontal.tif
DESC-ANT-00181,CAT00181,MFN,PreservedSpecimen,Tetramorium sp11,Formicidae,Tetramorium,sp11,S02,Example plot S02,Costa Rica,9.55,-84.04,secondary forest,866,2027-03-15,Example collector,Example taxonomist,,DESC-ANT-00181_head_frontal.tif
DESC-ANT-00182,CAT00182,MFN,PreservedSpecimen,Tetramorium sp17,Formicidae,Tetramorium,sp17,S02,Example plot S02,Costa Rica,9.55,-84.04,secondary forest,866,2027-03-15,Example collector,Example taxonomist,,DESC-ANT-00182_head_frontal.tif
DESC-ANT-00183,CAT00183,MFN,PreservedSpecimen,Tetramorium sp17,Formicidae,Tetramorium,sp17,S02,Example plot S02,Costa Rica,9.55,-84.04,secondary forest,866,2027-03-15,Example collector,Example taxonomist,,DESC-ANT-00183_head_frontal.tif
DESC-ANT-00184,CAT00184,MFN,PreservedSpecimen,Tetramorium sp17,Formicidae,Tetramorium,sp17,S02,Example plot S02,Costa Rica,9.55,-84.04,secondary forest,866,2027-03-15,Example collector,Example taxonomist,,DESC-ANT-00184_head_frontal.tif
DESC-ANT-00185,CAT00185,MFN,PreservedSpecimen,Camponotus sp03,Formicidae,Camponotus,sp03,S03,Example plot S03,Costa Rica,9.6,-84.08,secondary forest,906,2027-03-15,Example collector,Example taxonomist,,DESC-ANT-00185_head_frontal.tif
DESC-ANT-00186,CAT00186,MFN,PreservedSpecimen,Camponotus sp15,Formicidae,Camponotus,sp15,S03,Example plot S03,Costa Rica,9.6,-84.08,secondary forest,906,2027-03-15,Example collector,Example taxonomist,,DESC-ANT-00186_head_frontal.tif
DESC-ANT-00187,CAT00187,MFN,PreservedSpecimen,Crematogaster sp04,Formicidae,Crematogaster,sp04,S03,Example plot S03,Costa Rica,9.6,-84.08,secondary forest,906,2027-03-15,Example collector,Example taxonomist,,DESC-ANT-00187_head_frontal.tif
DESC-ANT-00188,CAT00188,MFN,PreservedSpecimen,Crematogaster sp10,Formicidae,Crematogaster,sp10,S03,Example plot S03,Costa Rica,9.6,-84.08,secondary forest,906,2027-03-15,Example collector,Example taxonomist,,DESC-ANT-00188_head_frontal.tif
DESC-ANT-00189,CAT00189,MFN,PreservedSpecimen,Crematogaster sp22,Formicidae,Crematogaster,sp22,S03,Example plot S03,Costa Rica,9.6,-84.08,secondary forest,906,2027-03-15,Example collector,Example taxonomist,COI_Crematogaster_sp22,DESC-ANT-00189_head_frontal.tif
DESC-ANT-00190,CAT00190,MFN,PreservedSpecimen,Crematogaster sp22,Formicidae,Crematogaster,sp22,S03,Example plot S03,Costa Rica,9.6,-84.08,secondary forest,906,2027-03-15,Example collector,Example taxonomist,,DESC-ANT-00190_head_frontal.tif
DESC-ANT-00191,CAT00191,MFN,PreservedSpecimen,Odontomachus sp06,Formicidae,Odontomachus,sp06,S03,Example plot S03,Costa Rica,9.6,-84.08,secondary forest,906,2027-03-15,Example collector,Example taxonomist,,DESC-ANT-00191_head_frontal.tif
DESC-ANT-00192,CAT00192,MFN,PreservedSpecimen,Odontomachus sp06,Formicidae,Odontomachus,sp06,S03,Example plot S03,Costa Rica,9.6,-84.08,secondary forest,906,2027-03-15,Example collector,Example taxonomist,,DESC-ANT-00192_head_frontal.tif
DESC-ANT-00193,CAT00193,MFN,PreservedSpecimen,Odontomachus sp06,Formicidae,Odontomachus,sp06,S03,Example plot S03,Costa Rica,9.6,-84.08,secondary forest,906,2027-03-15,Example collector,Example taxonomist,,DESC-ANT-00193_head_frontal.tif
DESC-ANT-00194,CAT00194,MFN,PreservedSpecimen,Odontomachus sp18,Formicidae,Odontomachus,sp18,S03,Example plot S03,Costa Rica,9.6,-84.08,secondary forest,906,2027-03-15,Example collector,Example taxonomist,COI_Odontomachus_sp18,DESC-ANT-00194_head_frontal.tif
DESC-ANT-00195,CAT00195,MFN,PreservedSpecimen,Pheidole sp07,Formicidae,Pheidole,sp07,S03,Example plot S03,Costa Rica,9.6,-84.08,secondary forest,906,2027-03-15,Example collector,Example taxonomist,,DESC-ANT-00195_head_frontal.tif
DESC-ANT-00196,CAT00196,MFN,PreservedSpecimen,Pheidole sp07,Formicidae,Pheidole,sp07,S03,Example plot S03,Costa Rica,9.6,-84.08,secondary forest,906,2027-03-15,Example collector,Example taxonomist,,DESC-ANT-00196_head_frontal.tif
DESC-ANT-00197,CAT00197,MFN,PreservedSpecimen,Pheidole sp07,Formicidae,Pheidole,sp07,S03,Example plot S03,Costa Rica,9.6,-84.08,secondary forest,906,2027-03-15,Example collector,Example taxonomist,,DESC-ANT-00197_head_frontal.tif
DESC-ANT-00198,CAT00198,MFN,PreservedSpecimen,Strumigenys sp14,Formicidae,Strumigenys,sp14,S03,Example plot S03,Costa Rica,9.6,-84.08,secondary forest,906,2027-03-15,Example collector,Example taxonomist,,DESC-ANT-00198_head_frontal.tif
DESC-ANT-00199,CAT00199,MFN,PreservedSpecimen,Tetramorium sp11,Formicidae,Tetramorium,sp11,S03,Example plot S03,Costa Rica,9.6,-84.08,secondary forest,906,2027-03-15,Example collector,Example taxonomist,,DESC-ANT-00199_head_frontal.tif
DESC-ANT-00200,CAT00200,MFN,PreservedSpecimen,Tetramorium sp11,Formicidae,Tetramorium,sp11,S03,Example plot S03,Costa Rica,9.6,-84.08,secondary forest,906,2027-03-15,Example collector,Example taxonomist,,DESC-ANT-00200_head_frontal.tif
DESC-ANT-00201,CAT00201,MFN,PreservedSpecimen,Camponotus sp15,Formicidae,Camponotus,sp15,S04,Example plot S04,Costa Rica,9.65,-84.12,secondary forest,992,2027-03-15,Example collector,Example taxonomist,,DESC-ANT-00201_head_frontal.tif
DESC-ANT-00202,CAT00202,MFN,PreservedSpecimen,Odontomachus sp06,Formicidae,Odontomachus,sp06,S04,Example plot S04,Costa Rica,9.65,-84.12,secondary forest,992,2027-03-15,Example collector,Example taxonomist,,DESC-ANT-00202_head_frontal.tif
DESC-ANT-00203,CAT00203,MFN,PreservedSpecimen,Odontomachus sp06,Formicidae,Odontomachus,sp06,S04,Example plot S04,Costa Rica,9.65,-84.12,secondary forest,992,2027-03-15,Example collector,Example taxonomist,,DESC-ANT-00203_head_frontal.tif
DESC-ANT-00204,CAT00204,MFN,PreservedSpecimen,Odontomachus sp18,Formicidae,Odontomachus,sp18,S04,Example plot S04,Costa Rica,9.65,-84.12,secondary forest,992,2027-03-15,Example collector,Example taxonomist,,DESC-ANT-00204_head_frontal.tif
DESC-ANT-00205,CAT00205,MFN,PreservedSpecimen,Odontomachus sp18,Formicidae,Odontomachus,sp18,S04,Example plot S04,Costa Rica,9.65,-84.12,secondary forest,992,2027-03-15,Example collector,Example taxonomist,,DESC-ANT-00205_head_frontal.tif
DESC-ANT-00206,CAT00206,MFN,PreservedSpecimen,Odontomachus sp18,Formicidae,Odontomachus,sp18,S04,Example plot S04,Costa Rica,9.65,-84.12,secondary forest,992,2027-03-15,Example collector,Example taxonomist,,DESC-ANT-00206_head_frontal.tif
DESC-ANT-00207,CAT00207,MFN,PreservedSpecimen,Strumigenys sp14,Formicidae,Strumigenys,sp14,S04,Example plot S04,Costa Rica,9.65,-84.12,secondary forest,992,2027-03-15,Example collector,Example taxonomist,,DESC-ANT-00207_head_frontal.tif
DESC-ANT-00208,CAT00208,MFN,PreservedSpecimen,Strumigenys sp14,Formicidae,Strumigenys,sp14,S04,Example plot S04,Costa Rica,9.65,-84.12,secondary forest,992,2027-03-15,Example collector,Example taxonomist,,DESC-ANT-00208_head_frontal.tif
DESC-ANT-00209,CAT00209,MFN,PreservedSpecimen,Strumigenys sp20,Formicidae,Strumigenys,sp20,S04,Example plot S04,Costa Rica,9.65,-84.12,secondary forest,992,2027-03-15,Example collector,Example taxonomist,,DESC-ANT-00209_head_frontal.tif
DESC-ANT-00210,CAT00210,MFN,PreservedSpecimen,Tetramorium sp11,Formicidae,Tetramorium,sp11,S04,Example plot S04,Costa Rica,9.65,-84.12,secondary forest,992,2027-03-15,Example collector,Example taxonomist,,DESC-ANT-00210_head_frontal.tif
DESC-ANT-00211,CAT00211,MFN,PreservedSpecimen,Tetramorium sp11,Formicidae,Tetramorium,sp11,S04,Example plot S04,Costa Rica,9.65,-84.12,secondary forest,992,2027-03-15,Example collector,Example taxonomist,,DESC-ANT-00211_head_frontal.tif
DESC-ANT-00212,CAT00212,MFN,PreservedSpecimen,Tetramorium sp11,Formicidae,Tetramorium,sp11,S04,Example plot S04,Costa Rica,9.65,-84.12,secondary forest,992,2027-03-15,Example collector,Example taxonomist,,DESC-ANT-00212_head_frontal.tif
DESC-ANT-00213,CAT00213,MFN,PreservedSpecimen,Camponotus sp09,Formicidae,Camponotus,sp09,S05,Example plot S05,Costa Rica,9.7,-84.16,secondary forest,1037,2027-03-15,Example collector,Example taxonomist,COI_Camponotus_sp09,DESC-ANT-00213_head_frontal.tif
DESC-ANT-00214,CAT00214,MFN,PreservedSpecimen,Camponotus sp09,Formicidae,Camponotus,sp09,S05,Example plot S05,Costa Rica,9.7,-84.16,secondary forest,1037,2027-03-15,Example collector,Example taxonomist,,DESC-ANT-00214_head_frontal.tif
DESC-ANT-00215,CAT00215,MFN,PreservedSpecimen,Camponotus sp15,Formicidae,Camponotus,sp15,S05,Example plot S05,Costa Rica,9.7,-84.16,secondary forest,1037,2027-03-15,Example collector,Example taxonomist,,DESC-ANT-00215_head_frontal.tif
DESC-ANT-00216,CAT00216,MFN,PreservedSpecimen,Camponotus sp15,Formicidae,Camponotus,sp15,S05,Example plot S05,Costa Rica,9.7,-84.16,secondary forest,1037,2027-03-15,Example collector,Example taxonomist,,DESC-ANT-00216_head_frontal.tif
DESC-ANT-00217,CAT00217,MFN,PreservedSpecimen,Camponotus sp15,Formicidae,Camponotus,sp15,S05,Example plot S05,Costa Rica,9.7,-84.16,secondary forest,1037,2027-03-15,Example collector,Example taxonomist,,DESC-ANT-00217_head_frontal.tif
DESC-ANT-00218,CAT00218,MFN,PreservedSpecimen,Crematogaster sp10,Formicidae,Crematogaster,sp10,S05,Example plot S05,Costa Rica,9.7,-84.16,secondary forest,1037,2027-03-15,Example collector,Example taxonomist,,DESC-ANT-00218_head_frontal.tif
DESC-ANT-00219,CAT00219,MFN,PreservedSpecimen,Strumigenys sp20,Formicidae,Strumigenys,sp20,S05,Example plot S05,Costa Rica,9.7,-84.16,secondary forest,1037,2027-03-15,Example collector,Example taxonomist,,DESC-ANT-00219_head_frontal.tif
DESC-ANT-00220,CAT00220,MFN,PreservedSpecimen,Tetramorium sp05,Formicidae,Tetramorium,sp05,S05,Example plot S05,Costa Rica,9.7,-84.16,secondary forest,1037,2027-03-15,Example collector,Example taxonomist,,DESC-ANT-00220_head_frontal.tif
DESC-ANT-00221,CAT00221,MFN,PreservedSpecimen,Tetramorium sp05,Formicidae,Tetramorium,sp05,S05,Example plot S05,Costa Rica,9.7,-84.16,secondary forest,1037,2027-03-15,Example collector,Example taxonomist,,DESC-ANT-00221_head_frontal.tif
DESC-ANT-00222,CAT00222,MFN,PreservedSpecimen,Tetramorium sp17,Formicidae,Tetramorium,sp17,S05,Example plot S05,Costa Rica,9.7,-84.16,secondary forest,1037,2027-03-15,Example collector,Example taxonomist,,DESC-ANT-00222_head_frontal.tif
DESC-ANT-00223,CAT00223,MFN,PreservedSpecimen,Tetramorium sp17,Formicidae,Tetramorium,sp17,S05,Example plot S05,Costa Rica,9.7,-84.16,secondary forest,1037,2027-03-15,Example collector,Example taxonomist,,DESC-ANT-00223_head_frontal.tif
DESC-ANT-00224,CAT00224,MFN,PreservedSpecimen,Camponotus sp03,Formicidae,Camponotus,sp03,S06,Example plot S06,Costa Rica,9.75,-84.2,secondary forest,1121,2027-03-15,Example collector,Example taxonomist,,DESC-ANT-00224_head_frontal.tif
DESC-ANT-00225,CAT00225,MFN,PreservedSpecimen,Camponotus sp03,Formicidae,Camponotus,sp03,S06,Example plot S06,Costa Rica,9.75,-84.2,secondary forest,1121,2027-03-15,Example collector,Example taxonomist,,DESC-ANT-00225_head_frontal.tif
DESC-ANT-00226,CAT00226,MFN,PreservedSpecimen,Camponotus sp03,Formicidae,Camponotus,sp03,S06,Example plot S06,Costa Rica,9.75,-84.2,secondary forest,1121,2027-03-15,Example collector,Example taxonomist,,DESC-ANT-00226_head_frontal.tif
DESC-ANT-00227,CAT00227,MFN,PreservedSpecimen,Camponotus sp09,Formicidae,Camponotus,sp09,S06,Example plot S06,Costa Rica,9.75,-84.2,secondary forest,1121,2027-03-15,Example collector,Example taxonomist,,DESC-ANT-00227_head_frontal.tif
DESC-ANT-00228,CAT00228,MFN,PreservedSpecimen,Crematogaster sp10,Formicidae,Crematogaster,sp10,S06,Example plot S06,Costa Rica,9.75,-84.2,secondary forest,1121,2027-03-15,Example collector,Example taxonomist,,DESC-ANT-00228_head_frontal.tif
DESC-ANT-00229,CAT00229,MFN,PreservedSpecimen,Crematogaster sp10,Formicidae,Crematogaster,sp10,S06,Example plot S06,Costa Rica,9.75,-84.2,secondary forest,1121,2027-03-15,Example collector,Example taxonomist,,DESC-ANT-00229_head_frontal.tif
DESC-ANT-00230,CAT00230,MFN,PreservedSpecimen,Odontomachus sp06,Formicidae,Odontomachus,sp06,S06,Example plot S06,Costa Rica,9.75,-84.2,secondary forest,1121,2027-03-15,Example collector,Example taxonomist,,DESC-ANT-00230_head_frontal.tif
DESC-ANT-00231,CAT00231,MFN,PreservedSpecimen,Odontomachus sp06,Formicidae,Odontomachus,sp06,S06,Example plot S06,Costa Rica,9.75,-84.2,secondary forest,1121,2027-03-15,Example collector,Example taxonomist,,DESC-ANT-00231_head_frontal.tif
DESC-ANT-00232,CAT00232,MFN,PreservedSpecimen,Odontomachus sp18,Formicidae,Odontomachus,sp18,S06,Example plot S06,Costa Rica,9.75,-84.2,secondary forest,1121,2027-03-15,Example collector,Example taxonomist,,DESC-ANT-00232_head_frontal.tif
DESC-ANT-00233,CAT00233,MFN,PreservedSpecimen,Odontomachus sp18,Formicidae,Odontomachus,sp18,S06,Example plot S06,Costa Rica,9.75,-84.2,secondary forest,1121,2027-03-15,Example collector,Example taxonomist,,DESC-ANT-00233_head_frontal.tif
DESC-ANT-00234,CAT00234,MFN,PreservedSpecimen,Pheidole sp13,Formicidae,Pheidole,sp13,S06,Example plot S06,Costa Rica,9.75,-84.2,secondary forest,1121,2027-03-15,Example collector,Example taxonomist,,DESC-ANT-00234_head_frontal.tif
DESC-ANT-00235,CAT00235,MFN,PreservedSpecimen,Pheidole sp13,Formicidae,Pheidole,sp13,S06,Example plot S06,Costa Rica,9.75,-84.2,secondary forest,1121,2027-03-15,Example collector,Example taxonomist,,DESC-ANT-00235_head_frontal.tif
DESC-ANT-00236,CAT00236,MFN,PreservedSpecimen,Pheidole sp13,Formicidae,Pheidole,sp13,S06,Example plot S06,Costa Rica,9.75,-84.2,secondary forest,1121,2027-03-15,Example collector,Example taxonomist,,DESC-ANT-00236_head_frontal.tif
DESC-ANT-00237,CAT00237,MFN,PreservedSpecimen,Strumigenys sp14,Formicidae,Strumigenys,sp14,S06,Example plot S06,Costa Rica,9.75,-84.2,secondary forest,1121,2027-03-15,Example collector,Example taxonomist,,DESC-ANT-00237_head_frontal.tif
DESC-ANT-00238,CAT00238,MFN,PreservedSpecimen,Strumigenys sp14,Formicidae,Strumigenys,sp14,S06,Example plot S06,Costa Rica,9.75,-84.2,secondary forest,1121,2027-03-15,Example collector,Example taxonomist,,DESC-ANT-00238_head_frontal.tif
DESC-ANT-00239,CAT00239,MFN,PreservedSpecimen,Strumigenys sp14,Formicidae,Strumigenys,sp14,S06,Example plot S06,Costa Rica,9.75,-84.2,secondary forest,1121,2027-03-15,Example collector,Example taxonomist,,DESC-ANT-00239_head_frontal.tif
DESC-ANT-00240,CAT00240,MFN,PreservedSpecimen,Strumigenys sp20,Formicidae,Strumigenys,sp20,S06,Example plot S06,Costa Rica,9.75,-84.2,secondary forest,1121,2027-03-15,Example collector,Example taxonomist,,DESC-ANT-00240_head_frontal.tif
DESC-ANT-00241,CAT00241,MFN,PreservedSpecimen,Strumigenys sp20,Formicidae,Strumigenys,sp20,S06,Example plot S06,Costa Rica,9.75,-84.2,secondary forest,1121,2027-03-15,Example collector,Example taxonomist,,DESC-ANT-00241_head_frontal.tif
DESC-ANT-00242,CAT00242,MFN,PreservedSpecimen,Strumigenys sp20,Formicidae,Strumigenys,sp20,S06,Example plot S06,Costa Rica,9.75,-84.2,secondary forest,1121,2027-03-15,Example collector,Example taxonomist,,DESC-ANT-00242_head_frontal.tif
DESC-ANT-00243,CAT00243,MFN,PreservedSpecimen,Crematogaster sp10,Formicidae,Crematogaster,sp10,S07,Example plot S07,Costa Rica,9.8,-84.24,secondary forest,1146,2027-03-15,Example collector,Example taxonomist,,DESC-ANT-00243_head_frontal.tif
DESC-ANT-00244,CAT00244,MFN,PreservedSpecimen,Crematogaster sp16,Formicidae,Crematogaster,sp16,S07,Example plot S07,Costa Rica,9.8,-84.24,secondary forest,1146,2027-03-15,Example collector,Example taxonomist,,DESC-ANT-00244_head_frontal.tif
DESC-ANT-00245,CAT00245,MFN,PreservedSpecimen,Crematogaster sp16,Formicidae,Crematogaster,sp16,S07,Example plot S07,Costa Rica,9.8,-84.24,secondary forest,1146,2027-03-15,Example collector,Example taxonomist,,DESC-ANT-00245_head_frontal.tif
DESC-ANT-00246,CAT00246,MFN,PreservedSpecimen,Crematogaster sp22,Formicidae,Crematogaster,sp22,S07,Example plot S07,Costa Rica,9.8,-84.24,secondary forest,1146,2027-03-15,Example collector,Example taxonomist,,DESC-ANT-00246_head_frontal.tif
DESC-ANT-00247,CAT00247,MFN,PreservedSpecimen,Crematogaster sp22,Formicidae,Crematogaster,sp22,S07,Example plot S07,Costa Rica,9.8,-84.24,secondary forest,1146,2027-03-15,Example collector,Example taxonomist,,DESC-ANT-00247_head_frontal.tif
DESC-ANT-00248,CAT00248,MFN,PreservedSpecimen,Crematogaster sp22,Formicidae,Crematogaster,sp22,S07,Example plot S07,Costa Rica,9.8,-84.24,secondary forest,1146,2027-03-15,Example collector,Example taxonomist,,DESC-ANT-00248_head_frontal.tif
DESC-ANT-00249,CAT00249,MFN,PreservedSpecimen,Odontomachus sp18,Formicidae,Odontomachus,sp18,S07,Example plot S07,Costa Rica,9.8,-84.24,secondary forest,1146,2027-03-15,Example collector,Example taxonomist,,DESC-ANT-00249_head_frontal.tif
DESC-ANT-00250,CAT00250,MFN,PreservedSpecimen,Odontomachus sp18,Formicidae,Odontomachus,sp18,S07,Example plot S07,Costa Rica,9.8,-84.24,secondary forest,1146,2027-03-15,Example collector,Example taxonomist,,DESC-ANT-00250_head_frontal.tif
DESC-ANT-00251,CAT00251,MFN,PreservedSpecimen,Pheidole sp07,Formicidae,Pheidole,sp07,S07,Example plot S07,Costa Rica,9.8,-84.24,secondary forest,1146,2027-03-15,Example collector,Example taxonomist,,DESC-ANT-00251_head_frontal.tif
DESC-ANT-00252,CAT00252,MFN,PreservedSpecimen,Pheidole sp13,Formicidae,Pheidole,sp13,S07,Example plot S07,Costa Rica,9.8,-84.24,secondary forest,1146,2027-03-15,Example collector,Example taxonomist,,DESC-ANT-00252_head_frontal.tif
DESC-ANT-00253,CAT00253,MFN,PreservedSpecimen,Strumigenys sp20,Formicidae,Strumigenys,sp20,S07,Example plot S07,Costa Rica,9.8,-84.24,secondary forest,1146,2027-03-15,Example collector,Example taxonomist,,DESC-ANT-00253_head_frontal.tif
DESC-ANT-00254,CAT00254,MFN,PreservedSpecimen,Camponotus sp09,Formicidae,Camponotus,sp09,S08,Example plot S08,Costa Rica,9.85,-84.28,secondary forest,1232,2027-03-15,Example collector,Example taxonomist,,DESC-ANT-00254_head_frontal.tif
DESC-ANT-00255,CAT00255,MFN,PreservedSpecimen,Camponotus sp09,Formicidae,Camponotus,sp09,S08,Example plot S08,Costa Rica,9.85,-84.28,secondary forest,1232,2027-03-15,Example collector,Example taxonomist,,DESC-ANT-00255_head_frontal.tif
DESC-ANT-00256,CAT00256,MFN,PreservedSpecimen,Camponotus sp09,Formicidae,Camponotus,sp09,S08,Example plot S08,Costa Rica,9.85,-84.28,secondary forest,1232,2027-03-15,Example collector,Example taxonomist,,DESC-ANT-00256_head_frontal.tif
DESC-ANT-00257,CAT00257,MFN,PreservedSpecimen,Crematogaster sp04,Formicidae,Crematogaster,sp04,S08,Example plot S08,Costa Rica,9.85,-84.28,secondary forest,1232,2027-03-15,Example collector,Example taxonomist,,DESC-ANT-00257_head_frontal.tif
DESC-ANT-00258,CAT00258,MFN,PreservedSpecimen,Crematogaster sp04,Formicidae,Crematogaster,sp04,S08,Example plot S08,Costa Rica,9.85,-84.28,secondary forest,1232,2027-03-15,Example collector,Example taxonomist,,DESC-ANT-00258_head_frontal.tif
DESC-ANT-00259,CAT00259,MFN,PreservedSpecimen,Crematogaster sp16,Formicidae,Crematogaster,sp16,S08,Example plot S08,Costa Rica,9.85,-84.28,secondary forest,1232,2027-03-15,Example collector,Example taxonomist,,DESC-ANT-00259_head_frontal.tif
DESC-ANT-00260,CAT00260,MFN,PreservedSpecimen,Crematogaster sp22,Formicidae,Crematogaster,sp22,S08,Example plot S08,Costa Rica,9.85,-84.28,secondary forest,1232,2027-03-15,Example collector,Example taxonomist,,DESC-ANT-00260_head_frontal.tif
DESC-ANT-00261,CAT00261,MFN,PreservedSpecimen,Crematogaster sp22,Formicidae,Crematogaster,sp22,S08,Example plot S08,Costa Rica,9.85,-84.28,secondary forest,1232,2027-03-15,Example collector,Example taxonomist,,DESC-ANT-00261_head_frontal.tif
DESC-ANT-00262,CAT00262,MFN,PreservedSpecimen,Pheidole sp13,Formicidae,Pheidole,sp13,S08,Example plot S08,Costa Rica,9.85,-84.28,secondary forest,1232,2027-03-15,Example collector,Example taxonomist,,DESC-ANT-00262_head_frontal.tif
DESC-ANT-00263,CAT00263,MFN,PreservedSpecimen,Pheidole sp13,Formicidae,Pheidole,sp13,S08,Example plot S08,Costa Rica,9.85,-84.28,secondary forest,1232,2027-03-15,Example collector,Example taxonomist,,DESC-ANT-00263_head_frontal.tif
DESC-ANT-00264,CAT00264,MFN,PreservedSpecimen,Pheidole sp13,Formicidae,Pheidole,sp13,S08,Example plot S08,Costa Rica,9.85,-84.28,secondary forest,1232,2027-03-15,Example collector,Example taxonomist,,DESC-ANT-00264_head_frontal.tif
DESC-ANT-00265,CAT00265,MFN,PreservedSpecimen,Strumigenys sp14,Formicidae,Strumigenys,sp14,S08,Example plot S08,Costa Rica,9.85,-84.28,secondary forest,1232,2027-03-15,Example collector,Example taxonomist,,DESC-ANT-00265_head_frontal.tif
DESC-ANT-00266,CAT00266,MFN,PreservedSpecimen,Strumigenys sp20,Formicidae,Strumigenys,sp20,S08,Example plot S08,Costa Rica,9.85,-84.28,secondary forest,1232,2027-03-15,Example collector,Example taxonomist,,DESC-ANT-00266_head_frontal.tif
DESC-ANT-00267,CAT00267,MFN,PreservedSpecimen,Strumigenys sp20,Formicidae,Strumigenys,sp20,S08,Example plot S08,Costa Rica,9.85,-84.28,secondary forest,1232,2027-03-15,Example collector,Example taxonomist,,DESC-ANT-00267_head_frontal.tif
DESC-ANT-00268,CAT00268,MFN,PreservedSpecimen,Strumigenys sp20,Formicidae,Strumigenys,sp20,S08,Example plot S08,Costa Rica,9.85,-84.28,secondary forest,1232,2027-03-15,Example collector,Example taxonomist,,DESC-ANT-00268_head_frontal.tif
DESC-ANT-00269,CAT00269,MFN,PreservedSpecimen,Crematogaster sp10,Formicidae,Crematogaster,sp10,S09,Example plot S09,Costa Rica,9.9,-84.32,secondary forest,1291,2027-03-15,Example collector,Example taxonomist,,DESC-ANT-00269_head_frontal.tif
DESC-ANT-00270,CAT00270,MFN,PreservedSpecimen,Crematogaster sp10,Formicidae,Crematogaster,sp10,S09,Example plot S09,Costa Rica,9.9,-84.32,secondary forest,1291,2027-03-15,Example collector,Example taxonomist,,DESC-ANT-00270_head_frontal.tif
DESC-ANT-00271,CAT00271,MFN,PreservedSpecimen,Crematogaster sp10,Formicidae,Crematogaster,sp10,S09,Example plot S09,Costa Rica,9.9,-84.32,secondary forest,1291,2027-03-15,Example collector,Example taxonomist,,DESC-ANT-00271_head_frontal.tif
DESC-ANT-00272,CAT00272,MFN,PreservedSpecimen,Crematogaster sp22,Formicidae,Crematogaster,sp22,S09,Example plot S09,Costa Rica,9.9,-84.32,secondary forest,1291,2027-03-15,Example collector,Example taxonomist,,DESC-ANT-00272_head_frontal.tif
DESC-ANT-00273,CAT00273,MFN,PreservedSpecimen,Odontomachus sp18,Formicidae,Odontomachus,sp18,S09,Example plot S09,Costa Rica,9.9,-84.32,secondary forest,1291,2027-03-15,Example collector,Example taxonomist,,DESC-ANT-00273_head_frontal.tif
DESC-ANT-00274,CAT00274,MFN,PreservedSpecimen,Pheidole sp07,Formicidae,Pheidole,sp07,S09,Example plot S09,Costa Rica,9.9,-84.32,secondary forest,1291,2027-03-15,Example collector,Example taxonomist,,DESC-ANT-00274_head_frontal.tif
DESC-ANT-00275,CAT00275,MFN,PreservedSpecimen,Pheidole sp07,Formicidae,Pheidole,sp07,S09,Example plot S09,Costa Rica,9.9,-84.32,secondary forest,1291,2027-03-15,Example collector,Example taxonomist,,DESC-ANT-00275_head_frontal.tif
DESC-ANT-00276,CAT00276,MFN,PreservedSpecimen,Pheidole sp07,Formicidae,Pheidole,sp07,S09,Example plot S09,Costa Rica,9.9,-84.32,secondary forest,1291,2027-03-15,Example collector,Example taxonomist,,DESC-ANT-00276_head_frontal.tif
DESC-ANT-00277,CAT00277,MFN,PreservedSpecimen,Strumigenys sp14,Formicidae,Strumigenys,sp14,S09,Example plot S09,Costa Rica,9.9,-84.32,secondary forest,1291,2027-03-15,Example collector,Example taxonomist,,DESC-ANT-00277_head_frontal.tif
DESC-ANT-00278,CAT00278,MFN,PreservedSpecimen,Tetramorium sp05,Formicidae,Tetramorium,sp05,S09,Example plot S09,Costa Rica,9.9,-84.32,secondary forest,1291,2027-03-15,Example collector,Example taxonomist,,DESC-ANT-00278_head_frontal.tif
DESC-ANT-00279,CAT00279,MFN,PreservedSpecimen,Tetramorium sp05,Formicidae,Tetramorium,sp05,S09,Example plot S09,Costa Rica,9.9,-84.32,secondary forest,1291,2027-03-15,Example collector,Example taxonomist,,DESC-ANT-00279_head_frontal.tif
DESC-ANT-00280,CAT00280,MFN,PreservedSpecimen,Camponotus sp03,Formicidae,Camponotus,sp03,S10,Example plot S10,Costa Rica,9.95,-84.36,secondary forest,1329,2027-03-15,Example collector,Example taxonomist,,DESC-ANT-00280_head_frontal.tif
DESC-ANT-00281,CAT00281,MFN,PreservedSpecimen,Camponotus sp03,Formicidae,Camponotus,sp03,S10,Example plot S10,Costa Rica,9.95,-84.36,secondary forest,1329,2027-03-15,Example collector,Example taxonomist,,DESC-ANT-00281_head_frontal.tif
DESC-ANT-00282,CAT00282,MFN,PreservedSpecimen,Camponotus sp03,Formicidae,Camponotus,sp03,S10,Example plot S10,Costa Rica,9.95,-84.36,secondary forest,1329,2027-03-15,Example collector,Example taxonomist,,DESC-ANT-00282_head_frontal.tif
DESC-ANT-00283,CAT00283,MFN,PreservedSpecimen,Camponotus sp09,Formicidae,Camponotus,sp09,S10,Example plot S10,Costa Rica,9.95,-84.36,secondary forest,1329,2027-03-15,Example collector,Example taxonomist,,DESC-ANT-00283_head_frontal.tif
DESC-ANT-00284,CAT00284,MFN,PreservedSpecimen,Crematogaster sp10,Formicidae,Crematogaster,sp10,S10,Example plot S10,Costa Rica,9.95,-84.36,secondary forest,1329,2027-03-15,Example collector,Example taxonomist,,DESC-ANT-00284_head_frontal.tif
DESC-ANT-00285,CAT00285,MFN,PreservedSpecimen,Crematogaster sp10,Formicidae,Crematogaster,sp10,S10,Example plot S10,Costa Rica,9.95,-84.36,secondary forest,1329,2027-03-15,Example collector,Example taxonomist,,DESC-ANT-00285_head_frontal.tif
DESC-ANT-00286,CAT00286,MFN,PreservedSpecimen,Crematogaster sp10,Formicidae,Crematogaster,sp10,S10,Example plot S10,Costa Rica,9.95,-84.36,secondary forest,1329,2027-03-15,Example collector,Example taxonomist,,DESC-ANT-00286_head_frontal.tif
DESC-ANT-00287,CAT00287,MFN,PreservedSpecimen,Odontomachus sp06,Formicidae,Odontomachus,sp06,S10,Example plot S10,Costa Rica,9.95,-84.36,secondary forest,1329,2027-03-15,Example collector,Example taxonomist,,DESC-ANT-00287_head_frontal.tif
DESC-ANT-00288,CAT00288,MFN,PreservedSpecimen,Odontomachus sp18,Formicidae,Odontomachus,sp18,S10,Example plot S10,Costa Rica,9.95,-84.36,secondary forest,1329,2027-03-15,Example collector,Example taxonomist,,DESC-ANT-00288_head_frontal.tif
DESC-ANT-00289,CAT00289,MFN,PreservedSpecimen,Odontomachus sp18,Formicidae,Odontomachus,sp18,S10,Example plot S10,Costa Rica,9.95,-84.36,secondary forest,1329,2027-03-15,Example collector,Example taxonomist,,DESC-ANT-00289_head_frontal.tif
DESC-ANT-00290,CAT00290,MFN,PreservedSpecimen,Pheidole sp13,Formicidae,Pheidole,sp13,S10,Example plot S10,Costa Rica,9.95,-84.36,secondary forest,1329,2027-03-15,Example collector,Example taxonomist,,DESC-ANT-00290_head_frontal.tif
DESC-ANT-00291,CAT00291,MFN,PreservedSpecimen,Pheidole sp13,Formicidae,Pheidole,sp13,S10,Example plot S10,Costa Rica,9.95,-84.36,secondary forest,1329,2027-03-15,Example collector,Example taxonomist,,DESC-ANT-00291_head_frontal.tif
DESC-ANT-00292,CAT00292,MFN,PreservedSpecimen,Strumigenys sp14,Formicidae,Strumigenys,sp14,S10,Example plot S10,Costa Rica,9.95,-84.36,secondary forest,1329,2027-03-15,Example collector,Example taxonomist,,DESC-ANT-00292_head_frontal.tif
DESC-ANT-00293,CAT00293,MFN,PreservedSpecimen,Strumigenys sp20,Formicidae,Strumigenys,sp20,S10,Example plot S10,Costa Rica,9.95,-84.36,secondary forest,1329,2027-03-15,Example collector,Example taxonomist,,DESC-ANT-00293_head_frontal.tif
DESC-ANT-00294,CAT00294,MFN,PreservedSpecimen,Strumigenys sp20,Formicidae,Strumigenys,sp20,S10,Example plot S10,Costa Rica,9.95,-84.36,secondary forest,1329,2027-03-15,Example collector,Example taxonomist,,DESC-ANT-00294_head_frontal.tif
DESC-ANT-00295,CAT00295,MFN,PreservedSpecimen,Tetramorium sp05,Formicidae,Tetramorium,sp05,S10,Example plot S10,Costa Rica,9.95,-84.36,secondary forest,1329,2027-03-15,Example collector,Example taxonomist,,DESC-ANT-00295_head_frontal.tif
DESC-ANT-00296,CAT00296,MFN,PreservedSpecimen,Tetramorium sp05,Formicidae,Tetramorium,sp05,S10,Example plot S10,Costa Rica,9.95,-84.36,secondary forest,1329,2027-03-15,Example collector,Example taxonomist,,DESC-ANT-00296_head_frontal.tif
DESC-ANT-00297,CAT00297,MFN,PreservedSpecimen,Tetramorium sp05,Formicidae,Tetramorium,sp05,S10,Example plot S10,Costa Rica,9.95,-84.36,secondary forest,1329,2027-03-15,Example collector,Example taxonomist,,DESC-ANT-00297_head_frontal.tif
DESC-ANT-00298,CAT00298,MFN,PreservedSpecimen,Tetramorium sp11,Formicidae,Tetramorium,sp11,S10,Example plot S10,Costa Rica,9.95,-84.36,secondary forest,1329,2027-03-15,Example collector,Example taxonomist,,DESC-ANT-00298_head_frontal.tif
DESC-ANT-00299,CAT00299,MFN,PreservedSpecimen,Camponotus sp09,Formicidae,Camponotus,sp09,S11,Example plot S11,Costa Rica,10.0,-84.4,secondary forest,1419,2027-03-15,Example collector,Example taxonomist,,DESC-ANT-00299_head_frontal.tif
DESC-ANT-00300,CAT00300,MFN,PreservedSpecimen,Camponotus sp15,Formicidae,Camponotus,sp15,S11,Example plot S11,Costa Rica,10.0,-84.4,secondary forest,1419,2027-03-15,Example collector,Example taxonomist,,DESC-ANT-00300_head_frontal.tif
DESC-ANT-00301,CAT00301,MFN,PreservedSpecimen,Crematogaster sp04,Formicidae,Crematogaster,sp04,S11,Example plot S11,Costa Rica,10.0,-84.4,secondary forest,1419,2027-03-15,Example collector,Example taxonomist,,DESC-ANT-00301_head_frontal.tif
DESC-ANT-00302,CAT00302,MFN,PreservedSpecimen,Pheidole sp13,Formicidae,Pheidole,sp13,S11,Example plot S11,Costa Rica,10.0,-84.4,secondary forest,1419,2027-03-15,Example collector,Example taxonomist,,DESC-ANT-00302_head_frontal.tif
DESC-ANT-00303,CAT00303,MFN,PreservedSpecimen,Pheidole sp13,Formicidae,Pheidole,sp13,S11,Example plot S11,Costa Rica,10.0,-84.4,secondary forest,1419,2027-03-15,Example collector,Example taxonomist,,DESC-ANT-00303_head_frontal.tif
DESC-ANT-00304,CAT00304,MFN,PreservedSpecimen,Pheidole sp13,Formicidae,Pheidole,sp13,S11,Example plot S11,Costa Rica,10.0,-84.4,secondary forest,1419,2027-03-15,Example collector,Example taxonomist,,DESC-ANT-00304_head_frontal.tif
DESC-ANT-00305,CAT00305,MFN,PreservedSpecimen,Strumigenys sp20,Formicidae,Strumigenys,sp20,S11,Example plot S11,Costa Rica,10.0,-84.4,secondary forest,1419,2027-03-15,Example collector,Example taxonomist,,DESC-ANT-00305_head_frontal.tif
DESC-ANT-00306,CAT00306,MFN,PreservedSpecimen,Tetramorium sp05,Formicidae,Tetramorium,sp05,S11,Example plot S11,Costa Rica,10.0,-84.4,secondary forest,1419,2027-03-15,Example collector,Example taxonomist,,DESC-ANT-00306_head_frontal.tif
DESC-ANT-00307,CAT00307,MFN,PreservedSpecimen,Tetramorium sp05,Formicidae,Tetramorium,sp05,S11,Example plot S11,Costa Rica,10.0,-84.4,secondary forest,1419,2027-03-15,Example collector,Example taxonomist,,DESC-ANT-00307_head_frontal.tif
DESC-ANT-00308,CAT00308,MFN,PreservedSpecimen,Tetramorium sp17,Formicidae,Tetramorium,sp17,S11,Example plot S11,Costa Rica,10.0,-84.4,secondary forest,1419,2027-03-15,Example collector,Example taxonomist,,DESC-ANT-00308_head_frontal.tif
DESC-ANT-00309,CAT00309,MFN,PreservedSpecimen,Camponotus sp03,Formicidae,Camponotus,sp03,S12,Example plot S12,Costa Rica,10.05,-84.44,secondary forest,1466,2027-03-15,Example collector,Example taxonomist,,DESC-ANT-00309_head_frontal.tif
DESC-ANT-00310,CAT00310,MFN,PreservedSpecimen,Camponotus sp03,Formicidae,Camponotus,sp03,S12,Example plot S12,Costa Rica,10.05,-84.44,secondary forest,1466,2027-03-15,Example collector,Example taxonomist,,DESC-ANT-00310_head_frontal.tif
DESC-ANT-00311,CAT00311,MFN,PreservedSpecimen,Camponotus sp09,Formicidae,Camponotus,sp09,S12,Example plot S12,Costa Rica,10.05,-84.44,secondary forest,1466,2027-03-15,Example collector,Example taxonomist,,DESC-ANT-00311_head_frontal.tif
DESC-ANT-00312,CAT00312,MFN,PreservedSpecimen,Camponotus sp09,Formicidae,Camponotus,sp09,S12,Example plot S12,Costa Rica,10.05,-84.44,secondary forest,1466,2027-03-15,Example collector,Example taxonomist,,DESC-ANT-00312_head_frontal.tif
DESC-ANT-00313,CAT00313,MFN,PreservedSpecimen,Crematogaster sp04,Formicidae,Crematogaster,sp04,S12,Example plot S12,Costa Rica,10.05,-84.44,secondary forest,1466,2027-03-15,Example collector,Example taxonomist,,DESC-ANT-00313_head_frontal.tif
DESC-ANT-00314,CAT00314,MFN,PreservedSpecimen,Crematogaster sp22,Formicidae,Crematogaster,sp22,S12,Example plot S12,Costa Rica,10.05,-84.44,secondary forest,1466,2027-03-15,Example collector,Example taxonomist,,DESC-ANT-00314_head_frontal.tif
DESC-ANT-00315,CAT00315,MFN,PreservedSpecimen,Crematogaster sp22,Formicidae,Crematogaster,sp22,S12,Example plot S12,Costa Rica,10.05,-84.44,secondary forest,1466,2027-03-15,Example collector,Example taxonomist,,DESC-ANT-00315_head_frontal.tif
DESC-ANT-00316,CAT00316,MFN,PreservedSpecimen,Crematogaster sp22,Formicidae,Crematogaster,sp22,S12,Example plot S12,Costa Rica,10.05,-84.44,secondary forest,1466,2027-03-15,Example collector,Example taxonomist,,DESC-ANT-00316_head_frontal.tif
DESC-ANT-00317,CAT00317,MFN,PreservedSpecimen,Odontomachus sp06,Formicidae,Odontomachus,sp06,S12,Example plot S12,Costa Rica,10.05,-84.44,secondary forest,1466,2027-03-15,Example collector,Example taxonomist,,DESC-ANT-00317_head_frontal.tif
DESC-ANT-00318,CAT00318,MFN,PreservedSpecimen,Odontomachus sp18,Formicidae,Odontomachus,sp18,S12,Example plot S12,Costa Rica,10.05,-84.44,secondary forest,1466,2027-03-15,Example collector,Example taxonomist,,DESC-ANT-00318_head_frontal.tif
DESC-ANT-00319,CAT00319,MFN,PreservedSpecimen,Odontomachus sp18,Formicidae,Odontomachus,sp18,S12,Example plot S12,Costa Rica,10.05,-84.44,secondary forest,1466,2027-03-15,Example collector,Example taxonomist,,DESC-ANT-00319_head_frontal.tif
DESC-ANT-00320,CAT00320,MFN,PreservedSpecimen,Odontomachus sp18,Formicidae,Odontomachus,sp18,S12,Example plot S12,Costa Rica,10.05,-84.44,secondary forest,1466,2027-03-15,Example collector,Example taxonomist,,DESC-ANT-00320_head_frontal.tif
DESC-ANT-00321,CAT00321,MFN,PreservedSpecimen,Pheidole sp13,Formicidae,Pheidole,sp13,S12,Example plot S12,Costa Rica,10.05,-84.44,secondary forest,1466,2027-03-15,Example collector,Example taxonomist,,DESC-ANT-00321_head_frontal.tif
DESC-ANT-00322,CAT00322,MFN,PreservedSpecimen,Pheidole sp13,Formicidae,Pheidole,sp13,S12,Example plot S12,Costa Rica,10.05,-84.44,secondary forest,1466,2027-03-15,Example collector,Example taxonomist,,DESC-ANT-00322_head_frontal.tif
DESC-ANT-00323,CAT00323,MFN,PreservedSpecimen,Pheidole sp13,Formicidae,Pheidole,sp13,S12,Example plot S12,Costa Rica,10.05,-84.44,secondary forest,1466,2027-03-15,Example collector,Example taxonomist,,DESC-ANT-00323_head_frontal.tif
DESC-ANT-00324,CAT00324,MFN,PreservedSpecimen,Tetramorium sp05,Formicidae,Tetramorium,sp05,S12,Example plot S12,Costa Rica,10.05,-84.44,secondary forest,1466,2027-03-15,Example collector,Example taxonomist,,DESC-ANT-00324_head_frontal.tif
