tip,species,site
Crematogaster_sp16__P01,Crematogaster sp16,P01
Odontomachus_sp12__P01,Odontomachus sp12,P01
Pheidole_sp01__P01,Pheidole sp01,P01
Pheidole_sp13__P01,Pheidole sp13,P01
Pheidole_sp19__P01,Pheidole sp19,P01
Strumigenys_sp02__P01,Strumigenys sp02,P01
Strumigenys_sp08__P01,Strumigenys sp08,P01
Strumigenys_sp14__P01,Strumigenys sp14,P01
Strumigenys_sp20__P01,Strumigenys sp20,P01
Tetramorium_sp23__P01,Tetramorium sp23,P01
Camponotus_sp15__P02,Camponotus sp15,P02
Odontomachus_sp12__P02,Odontomachus sp12,P02
Odontomachus_sp24__P02,Odontomachus sp24,P02
Pheidole_sp13__P02,Pheidole sp13,P02
Pheidole_sp19__P02,Pheidole sp19,P02
Strumigenys_sp08__P02,Strumigenys sp08,P02
Strumigenys_sp20__P02,Strumigenys sp20,P02
Pheidole_sp01__P03,Pheidole sp01,P03
Pheidole_sp13__P03,Pheidole sp13,P03
Pheidole_sp19__P03,Pheidole sp19,P03
Strumigenys_sp02__P03,Strumigenys sp02,P03
Strumigenys_sp08__P03,Strumigenys sp08,P03
Strumigenys_sp14__P03,Strumigenys sp14,P03
Strumigenys_sp20__P03,Strumigenys sp20,P03
Tetramorium_sp17__P03,Tetramorium sp17,P03
Tetramorium_sp23__P03,Tetramorium sp23,P03
Camponotus_sp15__P04,Camponotus sp15,P04
Camponotus_sp21__P04,Camponotus sp21,P04
Odontomachus_sp12__P04,Odontomachus sp12,P04
Pheidole_sp01__P04,Pheidole sp01,P04
Pheidole_sp13__P04,Pheidole sp13,P04
Pheidole_sp19__P04,Pheidole sp19,P04
Strumigenys_sp02__P04,Strumigenys sp02,P04
Strumigenys_sp08__P04,Strumigenys sp08,P04
Strumigenys_sp20__P04,Strumigenys sp20,P04
Camponotus_sp15__P05,Camponotus sp15,P05
Odontomachus_sp06__P05,Odontomachus sp06,P05
Odontomachus_sp12__P05,Odontomachus sp12,P05
Pheidole_sp01__P05,Pheidole sp01,P05
Pheidole_sp07__P05,Pheidole sp07,P05
Pheidole_sp13__P05,Pheidole sp13,P05
Tetramorium_sp17__P05,Tetramorium sp17,P05
Camponotus_sp21__P06,Camponotus sp21,P06
Odontomachus_sp06__P06,Odontomachus sp06,P06
Odontomachus_sp12__P06,Odontomachus sp12,P06
Odontomachus_sp24__P06,Odontomachus sp24,P06
Pheidole_sp01__P06,Pheidole sp01,P06
Pheidole_sp19__P06,Pheidole sp19,P06
Strumigenys_sp08__P06,Strumigenys sp08,P06
Strumigenys_sp14__P06,Strumigenys sp14,P06
Tetramorium_sp17__P06,Tetramorium sp17,P06
Crematogaster_sp16__P07,Crematogaster sp16,P07
Odontomachus_sp06__P07,Odontomachus sp06,P07
Odontomachus_sp12__P07,Odontomachus sp12,P07
Pheidole_sp07__P07,Pheidole sp07,P07
Strumigenys_sp02__P07,Strumigenys sp02,P07
Strumigenys_sp14__P07,Strumigenys sp14,P07
Camponotus_sp15__P08,Camponotus sp15,P08
Odontomachus_sp06__P08,Odontomachus sp06,P08
Pheidole_sp01__P08,Pheidole sp01,P08
Pheidole_sp07__P08,Pheidole sp07,P08
Pheidole_sp13__P08,Pheidole sp13,P08
Pheidole_sp19__P08,Pheidole sp19,P08
Strumigenys_sp08__P08,Strumigenys sp08,P08
Strumigenys_sp20__P08,Strumigenys sp20,P08
Tetramorium_sp23__P08,Tetramorium sp23,P08
Camponotus_sp15__P09,Camponotus sp15,P09
Camponotus_sp21__P09,Camponotus sp21,P09
Odontomachus_sp24__P09,Odontomachus sp24,P09
Strumigenys_sp02__P09,Strumigenys sp02,P09
Strumigenys_sp08__P09,Strumigenys sp08,P09
Strumigenys_sp20__P09,Strumigenys sp20,P09
Camponotus_sp15__P10,Camponotus sp15,P10
Odontomachus_sp06__P10,Odontomachus sp06,P10
Odontomachus_sp12__P10,Odontomachus sp12,P10
Pheidole_sp01__P10,Pheidole sp01,P10
Strumigenys_sp20__P10,Strumigenys sp20,P10
Tetramorium_sp17__P10,Tetramorium sp17,P10
Tetramorium_sp23__P10,Tetramorium sp23,P10
Camponotus_sp15__S01,Camponotus sp15,S01
Crematogaster_sp04__S01,Crematogaster sp04,S01
Crematogaster_sp16__S01,Crematogaster sp16,S01
Pheidole_sp07__S01,Pheidole sp07,S01
Strumigenys_sp14__S01,Strumigenys sp14,S01
Strumigenys_sp20__S01,Strumigenys sp20,S01
Tetramorium_sp05__S01,Tetramorium sp05,S01
Camponotus_sp03__S02,Camponotus sp03,S02
Camponotus_sp15__S02,Camponotus sp15,S02
Crematogaster_sp10__S02,Crematogaster sp10,S02
Pheidole_sp13__S02,Pheidole sp13,S02
Strumigenys_sp20__S02,Strumigenys sp20,S02
Tetramorium_sp05__S02,Tetramorium sp05,S02
Tetramorium_sp11__S02,Tetramorium sp11,S02
Tetramorium_sp17__S02,Tetramorium sp17,S02
Camponotus_sp03__S03,Camponotus sp03,S03
Camponotus_sp15__S03,Camponotus sp15,S03
Crematogaster_sp04__S03,Crematogaster sp04,S03
Crematogaster_sp10__S03,Crematogaster sp10,S03
Crematogaster_sp22__S03,Crematogaster sp22,S03
Odontomachus_sp06__S03,Odontomachus sp06,S03
Odontomachus_sp18__S03,Odontomachus sp18,S03
Pheidole_sp07__S03,Pheidole sp07,S03
Strumigenys_sp14__S03,Strumigenys sp14,S03
Tetramorium_sp11__S03,Tetramorium sp11,S03
Camponotus_sp15__S04,Camponotus sp15,S04
Odontomachus_sp06__S04,Odontomachus sp06,S04
Odontomachus_sp18__S04,Odontomachus sp18,S04
Strumigenys_sp14__S04,Strumigenys sp14,S04
Strumigenys_sp20__S04,Strumigenys sp20,S04
Tetramorium_sp11__S04,Tetramorium sp11,S04
Camponotus_sp09__S05,Camponotus sp09,S05
Camponotus_sp15__S05,Camponotus sp15,S05
Crematogaster_sp10__S05,Crematogaster sp10,S05
Strumigenys_sp20__S05,Strumigenys sp20,S05
Tetramorium_sp05__S05,Tetramorium sp05,S05
Tetramorium_sp17__S05,Tetramorium sp17,S05
Camponotus_sp03__S06,Camponotus sp03,S06
Camponotus_sp09__S06,Camponotus sp09,S06
Crematogaster_sp10__S06,Crematogaster sp10,S06
Odontomachus_sp06__S06,Odontomachus sp06,S06
Odontomachus_sp18__S06,Odontomachus sp18,S06
Pheidole_sp13__S06,Pheidole sp13,S06
Strumigenys_sp14__S06,Strumigenys sp14,S06
Strumigenys_sp20__S06,Strumigenys sp20,S06
Crematogaster_sp10__S07,Crematogaster sp10,S07
Crematogaster_sp16__S07,Crematogaster sp16,S07
Crematogaster_sp22__S07,Crematogaster sp22,S07
Odontomachus_sp18__S07,Odontomachus sp18,S07
Pheidole_sp07__S07,Pheidole sp07,S07
Pheidole_sp13__S07,Pheidole sp13,S07
Strumigenys_sp20__S07,Strumigenys sp20,S07
Camponotus_sp09__S08,Camponotus sp09,S08
Crematogaster_sp04__S08,Crematogaster sp04,S08
Crematogaster_sp16__S08,Crematogaster sp16,S08
Crematogaster_sp22__S08,Crematogaster sp22,S08
Pheidole_sp13__S08,Pheidole sp13,S08
Strumigenys_sp14__S08,Strumigenys sp14,S08
Strumigenys_sp20__S08,Strumigenys sp20,S08
Crematogaster_sp10__S09,Crematogaster sp10,S09
Crematogaster_sp22__S09,Crematogaster sp22,S09
Odontomachus_sp18__S09,Odontomachus sp18,S09
Pheidole_sp07__S09,Pheidole sp07,S09
Strumigenys_sp14__S09,Strumigenys sp14,S09
Tetramorium_sp05__S09,Tetramorium sp05,S09
Camponotus_sp03__S10,Camponotus sp03,S10
Camponotus_sp09__S10,Camponotus sp09,S10
Crematogaster_sp10__S10,Crematogaster sp10,S10
Odontomachus_sp06__S10,Odontomachus sp06,S10
Odontomachus_sp18__S10,Odontomachus sp18,S10
Pheidole_sp13__S10,Pheidole sp13,S10
Strumigenys_sp14__S10,Strumigenys sp14,S10
Strumigenys_sp20__S10,Strumigenys sp20,S10
Tetramorium_sp05__S10,Tetramorium sp05,S10
Tetramorium_sp11__S10,Tetramorium sp11,S10
Camponotus_sp09__S11,Camponotus sp09,S11
Camponotus_sp15__S11,Camponotus sp15,S11
Crematogaster_sp04__S11,Crematogaster sp04,S11
Pheidole_sp13__S11,Pheidole sp13,S11
Strumigenys_sp20__S11,Strumigenys sp20,S11
Tetramorium_sp05__S11,Tetramorium sp05,S11
Tetramorium_sp17__S11,Tetramorium sp17,S11
Camponotus_sp03__S12,Camponotus sp03,S12
Camponotus_sp09__S12,Camponotus sp09,S12
Crematogaster_sp04__S12,Crematogaster sp04,S12
Crematogaster_sp22__S12,Crematogaster sp22,S12
Odontomachus_sp06__S12,Odontomachus sp06,S12
Odontomachus_sp18__S12,Odontomachus sp18,S12
Pheidole_sp13__S12,Pheidole sp13,S12
Tetramorium_sp05__S12,Tetramorium sp05,S12
