filename,colour_f01,colour_f02,colour_f03,colour_f04,colour_f05,colour_f06,colour_f07,colour_f08,colour_f09,colour_f10,colour_f11,colour_f12
DESC-ANT-00001_head_frontal.tif,2.11816,-0.32168,-0.35984,-3.59501,-1.58004,2.14726,0.20385,0.4639,-0.90402,2.97145,-0.11679,-5.42925
DESC-ANT-00002_head_frontal.tif,2.01909,-0.7147,-0.46216,-3.35772,-1.24416,1.83377,0.18252,-0.52236,-1.01255,2.85273,0.06667,-5.42514
DESC-ANT-00003_head_frontal.tif,-1.18822,-0.93451,1.05382,-1.61118,0.91802,-1.79634,2.60093,-0.52251,-0.05965,0.16739,0.31435,5.74562
DESC-ANT-00004_head_frontal.tif,-0.37393,-0.57123,1.93523,-2.11965,0.81303,-1.71665,1.99523,-0.3875,-0.96793,0.67696,0.53588,5.7745
DESC-ANT-00005_head_frontal.tif,-0.3389,1.47779,3.51503,-1.84677,0.20927,-1.24428,-0.0469,-3.36655,-1.43937,-0.17276,1.67168,2.81338
DESC-ANT-00006_head_frontal.tif,-0.39082,1.29646,3.83107,-1.84048,1.02322,-1.41062,0.44779,-2.99477,-1.68641,-0.27608,2.15272,3.02327
DESC-ANT-00007_head_frontal.tif,-0.17989,1.25842,3.49664,-1.64094,0.83428,-1.45487,0.29875,-3.51787,-1.19448,-0.86029,1.57473,2.79142
DESC-ANT-00008_head_frontal.tif,-4.52751,0.98952,0.45029,1.34966,2.73883,-1.10441,-1.00692,-2.17929,2.90093,-0.50528,-0.39318,1.23539
DESC-ANT-00009_head_frontal.tif,-4.63636,2.02175,0.59835,1.83036,2.59517,-0.76584,-0.737,-1.71558,2.80174,-1.20186,-0.40738,1.19249
DESC-ANT-00010_head_frontal.tif,-3.73251,1.65746,0.37398,1.25833,2.48185,-0.33493,-1.74123,-2.19913,2.78885,-0.29262,-0.43046,1.55975
DESC-ANT-00011_head_frontal.tif,-1.97703,0.1656,3.67166,-3.7559,-0.38103,-2.67949,1.84198,-0.99894,-1.48415,-1.54538,0.83626,4.18481
DESC-ANT-00012_head_frontal.tif,-1.47303,0.4941,3.63831,-3.38974,-0.28839,-2.64314,2.48207,-1.07382,-1.73318,-1.53648,0.50393,4.78958
DESC-ANT-00013_head_frontal.tif,-1.4862,0.59514,3.12259,-4.29764,-0.57223,-2.45798,2.31275,-0.77929,-1.47488,-1.99276,0.89258,4.10745
DESC-ANT-00014_head_frontal.tif,-2.59995,-1.04644,3.59662,-4.66553,-0.55162,-1.09635,2.34754,-1.0783,-1.65013,-1.18498,1.07951,4.2345
DESC-ANT-00015_head_frontal.tif,2.0343,-0.94109,1.06592,-2.78278,-1.58134,-3.89604,3.25311,-1.39831,1.54999,-0.25476,-1.46978,0.73888
DESC-ANT-00016_head_frontal.tif,2.17482,-0.84049,1.18782,-3.15907,-1.5864,-2.90411,3.44534,-1.40152,0.90562,-0.05903,-1.29254,-0.0567
DESC-ANT-00017_head_frontal.tif,-3.76912,-5.25024,1.47113,-0.8598,-1.46077,-1.23368,-0.02033,-3.95258,-0.35222,-2.56551,-4.24165,2.24306
DESC-ANT-00018_head_frontal.tif,-3.09798,-4.65798,1.73195,-0.95702,-1.6013,-1.34815,-0.37619,-4.30604,0.05878,-2.34202,-3.90864,2.61288
DESC-ANT-00019_head_frontal.tif,-3.59777,-5.3703,1.8966,-1.3245,-1.22303,-1.92272,-0.75991,-4.72044,-0.61852,-3.27023,-3.91755,2.80017
DESC-ANT-00020_head_frontal.tif,0.06111,0.35832,3.10203,0.91883,-2.58014,-1.70045,-1.69309,-0.56639,-0.63517,0.71964,1.3397,3.92816
DESC-ANT-00021_head_frontal.tif,0.20319,0.37988,3.09317,0.97113,-0.92889,-1.71261,-1.90015,-0.73567,-0.76031,0.31176,1.74457,3.48414
DESC-ANT-00022_head_frontal.tif,-0.13735,0.49929,3.38251,1.01979,-2.1423,-1.97716,-1.76531,-1.03568,-1.76328,0.68584,1.40319,3.99508
DESC-ANT-00023_head_frontal.tif,-2.7873,-2.02816,4.20412,-1.97727,-3.14541,-0.66814,-0.89437,-3.77841,-0.43608,0.55815,-2.8362,0.53661
DESC-ANT-00024_head_frontal.tif,-2.82688,-2.16557,3.66666,-1.23426,-2.06295,-0.04012,-0.62642,-3.93822,0.0096,0.83763,-3.20343,0.70046
DESC-ANT-00025_head_frontal.tif,1.54351,-0.72303,0.16273,-3.44403,-2.89485,-4.29965,3.21237,-2.54304,1.28742,-0.22866,1.0761,-0.37919
DESC-ANT-00026_head_frontal.tif,-1.82033,-0.87284,1.24725,-1.00679,1.09017,-1.17068,2.37843,-0.01172,-0.61163,0.17344,0.84203,6.31284
DESC-ANT-00027_head_frontal.tif,-1.57572,2.32105,2.7352,-2.55164,1.72311,-2.69966,1.63673,-1.35028,-1.0339,0.24782,3.61735,2.35514
DESC-ANT-00028_head_frontal.tif,-1.26909,1.38809,2.02127,-2.9613,1.36406,-2.79846,1.83946,-1.19367,-0.79678,0.7019,3.74471,2.31596
DESC-ANT-00029_head_frontal.tif,-4.30681,0.94791,0.53478,1.77286,1.90527,-0.70196,-1.28301,-2.27937,3.12704,-0.76652,-0.07876,1.47072
DESC-ANT-00030_head_frontal.tif,-4.20831,0.78137,0.70007,2.39092,3.29921,-0.35919,-0.50735,-2.62022,3.67032,-0.67639,-0.0773,1.55771
DESC-ANT-00031_head_frontal.tif,-3.96176,1.21801,0.68111,1.36537,2.47525,-0.02363,-0.77874,-2.46698,3.35169,-0.40891,-0.44301,1.58714
DESC-ANT-00032_head_frontal.tif,-1.35539,0.55032,3.73052,-4.28032,-0.21148,-2.55695,3.02642,-1.54431,-1.70788,-1.70116,1.10133,4.78964
DESC-ANT-00033_head_frontal.tif,-0.96151,-0.04328,3.44928,-4.14575,-0.47341,-2.18608,2.18277,-1.58808,-1.60291,-2.04018,0.64197,4.70749
DESC-ANT-00034_head_frontal.tif,2.06104,-0.4358,1.04559,-3.16573,-2.03929,-3.63521,2.66571,-1.331,1.22498,-1.081,-0.99708,0.79069
DESC-ANT-00035_head_frontal.tif,2.07674,-0.95421,1.33655,-2.61575,-1.34199,-3.16468,3.22917,-1.33992,0.94098,-0.44654,-1.33176,0.90233
DESC-ANT-00036_head_frontal.tif,1.4763,-0.41928,1.15201,-3.05302,-2.37277,-3.41188,3.06056,-1.73478,1.48305,-0.61333,-1.04792,0.5761
DESC-ANT-00037_head_frontal.tif,0.27035,1.46873,2.75456,0.49137,-1.90794,-1.38235,-2.28504,-0.97466,-1.24079,-0.02017,0.89524,3.656
DESC-ANT-00038_head_frontal.tif,-0.80739,0.06273,2.96268,0.70583,-1.67901,-2.27775,-2.04553,-0.52568,-1.03588,0.29481,0.91972,4.04339
DESC-ANT-00039_head_frontal.tif,-0.27487,0.15941,2.82647,1.16087,-1.53693,-1.25113,-2.05098,-0.47678,-1.44095,0.26727,2.10052,4.09097
DESC-ANT-00040_head_frontal.tif,-0.0525,1.92298,3.14698,-1.35536,1.23249,-0.86716,0.40126,-2.86132,-0.797,-0.80628,2.16807,2.97322
DESC-ANT-00041_head_frontal.tif,-3.73355,1.21727,0.818,1.64771,2.6482,-0.86806,-1.15394,-2.39084,3.47236,-0.99521,-0.13757,1.89231
DESC-ANT-00042_head_frontal.tif,-1.38591,0.13659,3.58374,-3.23361,0.46734,-2.45164,2.76389,-0.81881,-1.43759,-0.97424,0.40737,4.9468
DESC-ANT-00043_head_frontal.tif,-1.46697,1.00063,3.25215,-4.27854,-0.14345,-2.11734,2.51733,-0.69034,-1.65592,-2.26282,1.1841,4.82215
DESC-ANT-00044_head_frontal.tif,-2.44506,-0.29615,3.9273,-4.87837,-0.7436,-1.01383,2.89449,-1.222,-1.13859,-1.2153,0.66216,5.09697
DESC-ANT-00045_head_frontal.tif,1.49676,-1.11677,1.44134,-2.21183,-1.92414,-3.17121,3.34188,-1.709,1.57507,-0.40008,-1.42861,0.65743
DESC-ANT-00046_head_frontal.tif,1.97531,-0.98077,0.91755,-2.77814,-1.38499,-3.23859,3.40173,-1.06274,1.6569,0.40589,-1.52986,1.11263
DESC-ANT-00047_head_frontal.tif,-3.35821,-4.14696,2.28852,-1.98918,-1.67007,-1.09602,-0.35567,-4.25269,-0.34085,-2.32168,-3.57179,2.45886
DESC-ANT-00048_head_frontal.tif,-0.86306,0.79048,2.74532,0.98948,-1.69404,-1.96794,-1.75234,-1.1241,-1.5499,-0.22618,1.22095,3.99636
DESC-ANT-00049_head_frontal.tif,0.28582,0.51904,3.47399,0.66023,-1.64665,-1.45612,-1.51277,-0.92464,-1.31574,0.26608,1.25927,3.50732
DESC-ANT-00050_head_frontal.tif,0.9672,-3.11505,-2.68959,-3.55824,-0.57007,-3.1681,1.27131,-2.33408,2.64371,0.46471,0.24162,-0.01643
DESC-ANT-00051_head_frontal.tif,0.47364,-2.82227,-2.83004,-3.25202,-0.79582,-3.93812,1.33965,-3.81773,2.64399,-0.41133,-0.34447,0.13861
DESC-ANT-00052_head_frontal.tif,-3.64863,-2.55619,3.44725,-2.37279,-3.18486,-0.18297,-1.01835,-3.78683,-1.00718,0.98588,-2.97361,0.63862
DESC-ANT-00053_head_frontal.tif,-2.94835,-1.32949,3.88852,-1.61466,-3.18714,-0.53561,-0.73467,-3.72362,-0.5424,1.49049,-3.55573,0.55575
DESC-ANT-00054_head_frontal.tif,-2.83891,-2.06692,3.54311,-1.75125,-3.32944,-0.69814,0.20561,-3.61406,-0.91526,0.57552,-3.00336,1.0111
DESC-ANT-00055_head_frontal.tif,1.1063,-0.43736,0.6421,-2.72196,-3.17115,-3.63686,3.2215,-2.79479,1.21252,-0.14372,0.59321,-0.10961
DESC-ANT-00056_head_frontal.tif,-2.72846,-0.56119,2.80799,-1.12882,0.484,-0.44066,0.63062,-2.28174,-4.17259,0.57796,1.15348,3.02204
DESC-ANT-00057_head_frontal.tif,-1.581,-0.73415,1.65699,-1.77093,0.5176,-0.41771,2.93744,-1.24368,-0.42419,1.17983,0.69221,6.21725
DESC-ANT-00058_head_frontal.tif,-1.33468,-0.69924,1.30521,-2.08585,1.0164,-1.27103,1.97483,-1.15258,-0.54718,-0.01126,0.35458,6.50452
DESC-ANT-00059_head_frontal.tif,-1.13378,-0.33317,1.50422,-1.87239,0.71112,-1.23941,2.39492,-1.1113,-0.06057,0.31361,0.1558,5.96868
DESC-ANT-00060_head_frontal.tif,-0.40028,1.69453,3.28112,-1.25938,0.22524,-1.93306,0.05666,-3.6182,-1.43646,-0.11106,2.43368,2.34399
DESC-ANT-00061_head_frontal.tif,-0.43013,2.26098,3.64384,-1.65768,0.86844,-0.27922,0.76631,-2.86642,-1.29836,-0.26579,1.99252,2.4416
DESC-ANT-00062_head_frontal.tif,-4.32547,1.34882,0.74408,2.56435,2.30817,-0.86445,-0.81189,-2.23039,3.53171,-0.82842,-0.34066,1.08539
DESC-ANT-00063_head_frontal.tif,-4.31812,1.55808,0.72642,1.38958,2.47556,-0.81081,-0.5781,-2.59114,3.07771,-1.2932,-0.45618,2.22584
DESC-ANT-00064_head_frontal.tif,-4.7598,1.2521,0.78716,1.61396,2.32318,-0.8432,-0.75612,-2.41219,2.50816,-0.70834,-0.35248,1.46793
DESC-ANT-00065_head_frontal.tif,-1.37039,0.73189,3.50049,-4.21685,0.08296,-1.96412,2.90264,-0.37474,-1.52432,-1.5769,1.15786,4.09916
DESC-ANT-00066_head_frontal.tif,-1.37653,0.32194,3.05754,-4.65263,-0.55214,-2.3821,2.81578,-0.51465,-1.50144,-1.58221,0.57835,4.71827
DESC-ANT-00067_head_frontal.tif,-1.53648,0.7197,3.79971,-4.05443,-0.76452,-2.67623,1.99446,-1.28014,-1.01648,-1.43663,0.33703,4.80622
DESC-ANT-00068_head_frontal.tif,-2.62288,-0.55669,3.44651,-4.61877,-0.27232,-0.53406,2.90267,-0.32162,-1.07906,-0.76008,0.5116,4.61011
DESC-ANT-00069_head_frontal.tif,-2.38705,-0.45419,3.88353,-4.84445,-0.82032,-0.44233,2.7114,-0.65977,-1.23138,-0.61968,1.16678,3.79577
DESC-ANT-00070_head_frontal.tif,1.71539,-1.15102,0.771,-2.55952,-1.35739,-3.48314,2.69476,-0.77356,1.2928,-0.82046,-1.15781,0.97868
DESC-ANT-00071_head_frontal.tif,0.20442,0.39809,2.7842,0.71645,-1.34423,-1.87871,-1.76749,-0.83786,-0.24188,0.07438,1.71476,3.80415
DESC-ANT-00072_head_frontal.tif,1.53013,-0.1165,0.13463,-2.76145,-2.23738,-3.88342,2.2963,-2.94631,1.04295,0.45173,0.85712,-0.19322
DESC-ANT-00073_head_frontal.tif,-1.43686,-0.08439,4.53787,-1.31614,-0.88144,-1.5617,0.62099,-5.01385,-3.87722,-0.09183,-2.20526,4.34518
DESC-ANT-00074_head_frontal.tif,-1.19639,-0.21587,1.35942,-1.62255,0.19924,-0.74423,1.91813,-0.51398,-0.46596,-0.60326,0.15322,6.21706
DESC-ANT-00075_head_frontal.tif,-0.71796,-0.40928,1.46978,-2.38754,1.25658,-0.4992,2.13923,-0.80873,-1.09649,0.61085,1.36364,6.39087
DESC-ANT-00076_head_frontal.tif,0.27896,1.82819,3.18761,-1.19129,0.06672,-1.21141,0.41011,-2.6062,-1.27691,-0.34638,1.94044,2.36087
DESC-ANT-00077_head_frontal.tif,-0.14182,1.38989,3.07464,-2.1022,0.32727,-1.78608,-0.1591,-3.48751,-1.35871,-0.33897,2.90946,2.28802
DESC-ANT-00078_head_frontal.tif,-0.4012,1.95787,3.45649,-1.77357,1.09703,-1.25612,-0.09215,-3.37615,-1.30501,-0.37493,1.72686,2.46726
DESC-ANT-00079_head_frontal.tif,-3.58723,0.57307,-0.65111,1.35282,-0.73568,-4.71658,2.30792,1.55301,1.14844,0.5492,-0.05774,0.00259
DESC-ANT-00080_head_frontal.tif,-4.76072,2.28499,0.31594,2.07992,3.038,-0.47777,-0.70202,-2.78995,3.38466,-0.90708,-0.93613,2.64976
DESC-ANT-00081_head_frontal.tif,-3.74611,2.00666,0.39137,2.25861,3.16249,-0.27773,-0.76181,-2.80431,3.1033,-1.42772,-0.6489,1.69182
DESC-ANT-00082_head_frontal.tif,0.54984,-3.01305,-2.17569,-2.81516,-0.71135,-2.88204,1.14565,-3.1593,2.83243,-0.59179,-0.19172,-0.24693
DESC-ANT-00083_head_frontal.tif,0.64852,-2.40352,-3.11468,-3.19027,-1.00971,-3.7075,0.986,-2.53223,3.3407,0.01185,-0.34478,0.46208
DESC-ANT-00084_head_frontal.tif,0.49039,-2.69441,-2.7496,-3.17143,-0.4831,-3.50798,1.27702,-3.64383,2.35919,-0.65503,-0.14472,-0.1198
DESC-ANT-00085_head_frontal.tif,-2.41652,0.35097,2.67266,-2.02244,1.35364,0.01664,0.34423,-2.6205,-3.49888,0.6138,0.88443,2.73713
DESC-ANT-00086_head_frontal.tif,-1.72279,-0.09586,3.32207,-1.02143,1.24809,-0.78617,0.79615,-3.35037,-3.86241,1.043,1.0736,3.16139
DESC-ANT-00087_head_frontal.tif,-1.66348,-1.05033,4.0649,-1.4603,-0.98201,-1.32774,0.78797,-5.03019,-4.18329,-0.55627,-1.64452,4.61461
DESC-ANT-00088_head_frontal.tif,-0.71251,-0.38971,4.17463,-1.34053,-1.11127,-1.90884,0.20846,-4.96646,-4.01531,-0.39479,-1.74916,4.18561
DESC-ANT-00089_head_frontal.tif,-0.68625,-0.33238,2.00569,-1.61419,1.27706,-1.21864,2.38024,0.21511,-0.95806,0.71338,1.01213,6.28728
DESC-ANT-00090_head_frontal.tif,-1.13002,2.09545,1.90224,-2.60362,1.17281,-2.23206,1.19248,-1.33353,-1.13335,0.17102,3.22898,3.65618
DESC-ANT-00091_head_frontal.tif,-0.98361,1.90783,2.00855,-2.78168,1.68002,-1.84262,0.81115,-1.01659,-0.13988,-0.6537,4.09368,3.07929
DESC-ANT-00092_head_frontal.tif,-1.43789,2.14003,1.71208,-2.69124,2.0093,-2.06086,1.26328,-1.24105,-1.34564,0.56517,3.41065,3.26074
DESC-ANT-00093_head_frontal.tif,0.07731,1.60073,2.60306,-1.66127,0.11494,-1.29755,0.86606,-3.31722,-1.80399,0.03654,2.24868,3.36681
DESC-ANT-00094_head_frontal.tif,-1.33342,0.19016,3.16276,-3.60066,0.09818,-2.37461,2.52237,-0.90165,-1.68146,-0.8209,0.87168,4.17043
DESC-ANT-00095_head_frontal.tif,-1.62148,0.76902,3.41746,-4.09245,-0.48099,-2.36632,1.90258,-1.32961,-1.18584,-1.68843,1.00401,5.01585
DESC-ANT-00096_head_frontal.tif,-1.21606,0.51505,3.95241,-3.80283,-0.36801,-2.11148,2.65159,-1.16915,-1.44707,-1.57533,0.16154,4.51541
DESC-ANT-00097_head_frontal.tif,1.79412,-1.5831,0.98784,-2.64334,-1.73798,-3.722,3.31953,-1.92076,1.37029,0.08066,-1.49012,0.64594
DESC-ANT-00098_head_frontal.tif,2.33802,-1.12937,1.00863,-2.54948,-1.39721,-4.10604,2.79404,-1.8456,1.06076,-0.69614,-1.54254,0.93791
DESC-ANT-00099_head_frontal.tif,1.6326,-0.94726,1.25947,-2.89088,-1.7278,-2.72629,3.20747,-1.71192,1.42752,-0.7172,-1.144,1.13854
DESC-ANT-00100_head_frontal.tif,-3.54014,-4.87137,2.09142,-1.48318,-1.26373,-1.69467,-0.925,-4.6937,0.44566,-2.62414,-3.98583,2.289
DESC-ANT-00101_head_frontal.tif,0.83698,-2.90858,-2.13121,-3.1945,-0.18906,-3.20831,1.6305,-3.54665,2.46938,-0.18134,-0.17911,-0.53814
DESC-ANT-00102_head_frontal.tif,0.91562,-3.11041,-3.00477,-3.35864,-0.77548,-3.16267,0.97369,-3.36726,2.61557,-0.10626,-0.22591,0.0145
DESC-ANT-00103_head_frontal.tif,2.41187,-0.77287,-0.56286,-4.08716,-1.32063,1.64413,-0.34838,0.11903,-1.48541,2.96474,-0.56732,-5.52446
DESC-ANT-00104_head_frontal.tif,-1.78636,-1.08941,3.70694,-1.63244,-0.8156,-1.38501,0.75714,-5.17616,-4.14286,-0.9773,-1.45208,3.54162
DESC-ANT-00105_head_frontal.tif,-1.20845,-0.85442,3.91256,-1.16151,-0.45001,-1.4716,0.92811,-4.78106,-3.43543,-0.21929,-1.64433,4.75844
DESC-ANT-00106_head_frontal.tif,-1.58421,-0.65432,3.86427,-1.38139,-0.53927,-2.05093,0.78702,-4.70607,-3.76866,-1.42736,-1.64565,4.4816
DESC-ANT-00107_head_frontal.tif,-1.23025,-1.34215,1.61458,-2.12495,1.06066,-1.77665,2.37152,-0.81475,-0.24716,-0.02231,0.20139,6.92474
DESC-ANT-00108_head_frontal.tif,-4.07976,0.55109,-0.96569,0.79477,0.30506,-4.0036,1.91618,1.14947,2.30726,1.03619,-0.03339,-0.14577
DESC-ANT-00109_head_frontal.tif,-2.5559,-0.80453,3.06824,-4.37499,-0.73148,-0.14998,2.50427,-0.96066,-1.27647,-0.36112,1.21756,4.22995
DESC-ANT-00110_head_frontal.tif,-3.11701,-4.31503,1.52073,-1.57598,-0.97521,-1.27954,-1.01801,-4.6434,-0.58053,-2.37728,-3.76196,2.88877
DESC-ANT-00111_head_frontal.tif,0.57098,-0.24696,-0.26528,-3.23963,-3.25754,-4.40504,2.41144,-2.65979,1.67568,-0.90956,1.41697,-1.03807
DESC-ANT-00112_head_frontal.tif,0.95361,-0.36856,-0.03794,-3.67026,-2.12264,-4.24232,2.90281,-2.4636,2.04014,-0.26481,1.50654,-0.88403
DESC-ANT-00113_head_frontal.tif,1.71956,-0.87286,-0.13859,-2.46892,-2.65731,-3.90269,3.60097,-2.40709,1.26053,0.15179,0.74012,-0.22946
DESC-ANT-00114_head_frontal.tif,-1.8424,-0.9045,4.24857,-1.27536,-1.15362,-1.39268,-0.155,-4.97959,-4.00718,-0.75074,-1.50199,3.82491
DESC-ANT-00115_head_frontal.tif,0.04264,1.57541,3.30479,-2.13751,0.08473,-1.01156,-0.02483,-2.89275,-1.05081,-0.12034,2.7531,2.70845
DESC-ANT-00116_head_frontal.tif,-0.54314,1.99564,3.64073,-1.26574,0.50269,-0.7192,0.60875,-2.66447,-1.24627,-0.34257,2.28852,2.89122
DESC-ANT-00117_head_frontal.tif,0.18323,1.45927,4.13986,-1.69631,0.8437,-1.16926,0.22618,-2.20393,-1.53078,-0.9288,1.95703,2.70112
DESC-ANT-00118_head_frontal.tif,-3.71691,1.12535,-1.21945,1.27608,0.12342,-3.97679,1.91893,1.9648,2.00297,0.29066,-0.32779,-0.64277
DESC-ANT-00119_head_frontal.tif,-4.80783,1.57986,0.89952,1.59136,2.13754,-0.30387,-0.66129,-2.02761,3.65897,-0.83907,0.23106,1.57524
DESC-ANT-00120_head_frontal.tif,-4.01584,1.34036,0.70998,2.13487,2.64937,-0.87563,-0.85117,-2.26399,2.85216,-0.83268,-0.07149,1.46159
DESC-ANT-00121_head_frontal.tif,-1.6636,1.20902,3.65179,-3.88562,-0.25921,-1.60816,2.61785,-0.89155,-1.36724,-1.40888,1.3627,4.57081
DESC-ANT-00122_head_frontal.tif,-0.71507,0.19893,3.42954,-4.39374,0.39554,-2.49063,2.48445,-0.53767,-1.03396,-1.90511,0.74793,4.08922
DESC-ANT-00123_head_frontal.tif,-1.40177,0.47216,3.06449,-4.28266,-0.37551,-2.63617,2.68995,-0.33057,-2.14908,-1.55655,0.72273,4.74978
DESC-ANT-00124_head_frontal.tif,1.61873,-1.04247,0.75161,-2.38522,-1.73991,-3.36994,3.22152,-1.56964,0.90697,-0.18041,-1.14011,0.77576
DESC-ANT-00125_head_frontal.tif,2.29657,-0.56474,0.73317,-2.90244,-1.23311,-2.81683,2.83351,-1.89662,1.22766,-0.56326,-1.79542,0.84059
DESC-ANT-00126_head_frontal.tif,1.50378,-1.41485,1.43611,-2.86818,-1.79967,-3.09324,3.37658,-1.60133,1.46625,-0.67781,-0.62942,1.05717
DESC-ANT-00127_head_frontal.tif,-0.07082,0.81839,3.27503,1.29416,-1.13369,-1.84562,-1.91442,-1.25368,-1.14312,0.37523,2.17652,3.85662
DESC-ANT-00128_head_frontal.tif,-3.88006,-2.17941,3.85969,-2.0978,-3.14998,-0.86775,-0.52892,-4.07269,-0.83834,1.15687,-3.05058,0.4848
DESC-ANT-00129_head_frontal.tif,-3.6303,-2.21928,4.04849,-2.22437,-2.87137,-0.48857,-0.78054,-3.93089,-0.91798,1.33978,-2.47634,0.74198
DESC-ANT-00130_head_frontal.tif,-3.7617,-2.31026,4.16222,-1.0586,-2.74265,-0.30321,-0.86127,-4.08111,-0.5267,1.02927,-3.39679,0.98879
DESC-ANT-00131_head_frontal.tif,1.38127,-0.77264,0.72789,-3.08389,-3.03195,-3.9057,2.45222,-2.80016,1.68141,-0.2993,0.99587,-0.04024
DESC-ANT-00132_head_frontal.tif,-1.60559,0.01128,3.0718,-0.53954,0.41902,0.11377,0.3724,-2.76892,-3.90632,0.4577,1.58504,3.48359
DESC-ANT-00133_head_frontal.tif,-1.63001,1.64944,2.01112,-3.00823,1.06733,-1.96889,0.8073,-1.24365,-1.17844,-0.22126,3.38298,2.4623
DESC-ANT-00134_head_frontal.tif,-0.74288,1.17789,2.68204,-2.53966,1.35621,-2.3951,1.7784,-0.67696,-1.51268,-0.0956,4.10487,3.06434
DESC-ANT-00135_head_frontal.tif,-0.69786,1.44803,2.32664,-3.18754,2.21718,-2.24574,0.64074,-1.32636,-1.23457,0.67941,3.61821,2.94239
DESC-ANT-00136_head_frontal.tif,-1.94173,-0.34222,3.92841,-4.53705,-0.59999,-0.92069,2.48834,-1.05712,-1.13094,-1.47653,1.45732,4.98999
DESC-ANT-00137_head_frontal.tif,1.91928,-1.25912,1.03622,-2.46359,-1.51459,-3.213,3.4392,-1.67848,1.53291,-0.93784,-0.97373,0.8833
DESC-ANT-00138_head_frontal.tif,1.80639,-0.58468,1.35751,-3.6148,-1.7607,-3.82268,3.46528,-0.6122,1.26932,-0.36282,-1.32886,0.95247
DESC-ANT-00139_head_frontal.tif,0.37828,0.22305,3.65731,0.32792,-1.51702,-1.25136,-1.63359,-1.13364,-1.4761,0.16056,1.21239,4.2239
DESC-ANT-00140_head_frontal.tif,1.52406,0.02178,-0.67675,-2.68377,-2.85961,-4.03935,2.47693,-3.18761,1.41252,-0.34588,1.32667,-1.13966
DESC-ANT-00141_head_frontal.tif,1.82788,-0.51064,-0.09858,-3.3808,-3.04377,-4.33663,2.62572,-2.53145,1.4841,-0.6004,1.06067,-0.93698
DESC-ANT-00142_head_frontal.tif,1.38277,0.04681,0.20694,-3.2421,-3.33696,-4.43626,2.2259,-2.27947,1.2784,-0.08342,0.936,-0.59245
DESC-ANT-00143_head_frontal.tif,-1.15128,-0.92447,4.06745,-1.56254,-0.50533,-1.95051,0.16311,-5.31377,-4.35877,-0.49028,-0.71032,3.90633
DESC-ANT-00144_head_frontal.tif,-1.30882,-0.59685,3.80108,-1.37716,-0.89295,-1.83325,1.23537,-5.49523,-3.73244,-0.53906,-1.81238,4.30704
DESC-ANT-00145_head_frontal.tif,-1.2084,-0.36376,1.62211,-2.60432,1.27312,-0.33427,2.47251,-0.37704,-1.02271,0.26023,0.13363,5.93437
DESC-ANT-00146_head_frontal.tif,-0.92339,-0.79119,1.33405,-2.5611,0.70023,-1.10017,1.88255,-0.98378,0.13043,-0.12173,0.05013,5.85673
DESC-ANT-00147_head_frontal.tif,0.25625,2.374,3.64863,-1.91018,0.34911,-0.76499,-0.00636,-2.40669,-0.9267,-0.4572,2.43311,3.07456
DESC-ANT-00148_head_frontal.tif,-0.44025,0.98207,2.97591,0.38523,-1.57806,-1.73189,-2.22883,-1.3642,-1.56016,0.8307,1.9172,4.05001
DESC-ANT-00149_head_frontal.tif,1.02247,-3.15579,-2.87845,-3.17036,-1.0741,-3.65164,1.45256,-3.1535,2.1416,-0.02192,-0.18623,0.57284
DESC-ANT-00150_head_frontal.tif,0.60559,-3.08001,-2.80676,-3.32952,-0.92946,-3.44584,1.68084,-2.81511,2.96403,-0.74976,-0.23166,0.07026
DESC-ANT-00151_head_frontal.tif,0.66752,-3.13316,-3.03106,-2.99529,-0.63332,-3.71338,1.88562,-2.69253,2.31296,0.13374,-0.35138,0.60936
DESC-ANT-00152_head_frontal.tif,-3.42842,-2.07476,3.55233,-1.59094,-2.78518,-0.72725,-0.84336,-5.2962,-0.49461,0.2175,-2.77624,1.05534
DESC-ANT-00153_head_frontal.tif,-3.05156,-2.08048,3.75741,-1.70476,-3.0387,-0.9441,-0.97191,-3.59896,-0.53255,1.21588,-2.94922,0.68482
DESC-ANT-00154_head_frontal.tif,-3.20706,-1.78218,4.10969,-1.57429,-3.0823,-1.01276,-0.06784,-4.11283,-0.62899,1.39394,-2.48095,0.8464
DESC-ANT-00155_head_frontal.tif,1.46396,0.51019,-0.42191,-3.63709,-3.783,-4.45075,3.13087,-2.13013,2.53634,0.20208,0.94621,-0.92945
DESC-ANT-00156_head_frontal.tif,0.11871,0.38597,-0.07376,-2.79377,-3.45419,-3.73518,2.89102,-2.30225,2.05284,-0.47803,0.99365,-1.11036
DESC-ANT-00157_head_frontal.tif,-1.03395,4.03397,2.89508,-1.74557,-3.15669,-0.23579,-1.9646,-5.07999,-1.47328,-2.30263,1.80497,6.89518
DESC-ANT-00158_head_frontal.tif,2.09864,0.78599,0.32805,-3.73075,-1.97401,1.62068,-0.68786,0.40137,-1.10845,3.02907,0.07649,-5.87277
DESC-ANT-00159_head_frontal.tif,-4.11992,1.81826,-1.15614,0.73894,-0.75256,-4.69118,2.29761,1.6029,2.00393,0.38535,-0.33026,-0.34691
DESC-ANT-00160_head_frontal.tif,-3.7735,1.83821,-1.24922,1.21134,-0.89087,-4.69778,1.89336,1.94349,2.76567,0.54239,-0.20312,-0.41846
DESC-ANT-00161_head_frontal.tif,-3.20351,-3.84377,2.178,-1.3941,-2.50311,-1.405,-0.57383,-4.70646,-0.33448,-2.95493,-3.87918,2.7576
DESC-ANT-00162_head_frontal.tif,0.61697,2.01593,3.20241,1.06826,-2.15731,-1.07452,-1.50428,-0.84639,-1.13997,0.38508,1.33605,3.89258
DESC-ANT-00163_head_frontal.tif,-0.34609,1.03238,2.87215,-0.05517,-2.49021,-1.65528,-2.46966,-0.56428,-0.92703,0.35592,1.81398,4.47755
DESC-ANT-00164_head_frontal.tif,-2.2386,1.41004,3.13293,-0.86542,-2.21409,-1.12744,0.9409,-1.94689,-3.07571,-1.72353,1.00221,2.52294
DESC-ANT-00165_head_frontal.tif,-2.62629,1.38978,2.32527,-1.46682,-2.15678,-0.90872,1.02503,-1.35605,-3.06163,-1.20944,1.37296,2.5686
DESC-ANT-00166_head_frontal.tif,-0.7201,0.58585,1.17265,-0.25513,-0.94607,-2.74495,-0.75459,-0.62097,2.90122,1.19381,-0.12866,1.3319
DESC-ANT-00167_head_frontal.tif,2.06189,0.76838,-0.56087,-2.94135,-3.80781,-3.27023,2.44781,-3.32002,1.56923,-0.22714,1.0079,-1.3738
DESC-ANT-00168_head_frontal.tif,1.4762,1.17986,-0.67998,-2.72258,-3.8673,-3.11895,2.96885,-2.59931,1.93306,0.07878,0.94635,-0.37579
DESC-ANT-00169_head_frontal.tif,1.14807,-0.03179,0.69924,-3.25486,-3.88141,-3.82255,2.27038,-3.00732,1.3713,-0.28723,1.17887,-0.23147
DESC-ANT-00170_head_frontal.tif,-1.69674,0.74617,-3.10437,0.30447,-4.29347,-1.94907,3.11362,-0.89495,-2.91438,0.8158,1.54178,-4.12505
DESC-ANT-00171_head_frontal.tif,-1.91099,0.25131,-2.40101,0.47705,-4.17119,-1.91473,2.8499,-1.00893,-2.40215,0.51178,1.65567,-4.4283
DESC-ANT-00172_head_frontal.tif,-3.45835,3.09521,0.61983,2.30864,1.69088,-0.68862,-0.44513,-2.28123,4.01067,-0.57158,-0.47235,2.11656
DESC-ANT-00173_head_frontal.tif,-4.13817,2.46383,-0.33665,2.09533,1.99249,-0.54217,-0.41194,-1.7916,3.14926,-0.32858,-0.31354,1.53581
DESC-ANT-00174_head_frontal.tif,0.06465,1.30195,3.2337,0.58993,-2.80053,-1.50486,-2.02479,-1.35481,-1.61933,0.94158,0.70007,3.90045
DESC-ANT-00175_head_frontal.tif,0.14128,1.99236,2.67832,0.54141,-2.4647,-1.37679,-2.10895,-1.21235,-0.87953,0.70918,1.35982,3.60939
DESC-ANT-00176_head_frontal.tif,0.07013,1.80691,3.40041,0.21676,-2.47331,-1.71254,-2.2716,-0.72966,-1.21821,0.17875,1.36891,3.32589
DESC-ANT-00177_head_frontal.tif,-2.62022,1.40674,3.08592,-0.81573,-2.38277,-1.44787,1.31391,-1.52337,-2.29929,-0.99958,1.06234,2.60291
DESC-ANT-00178_head_frontal.tif,-2.89742,0.7357,3.8997,-1.07844,-1.71215,-0.72287,1.86446,-1.58324,-2.61504,-1.57494,0.88096,2.8201
DESC-ANT-00179_head_frontal.tif,2.47471,0.01088,0.23289,-0.32402,-2.326,-2.10968,2.77737,-0.87283,-0.31755,0.62207,3.70107,0.16363
DESC-ANT-00180_head_frontal.tif,2.47447,0.69727,-0.00676,-0.12825,-2.55235,-2.00523,2.81885,-1.57063,-0.50872,0.03104,3.15155,0.76457
DESC-ANT-00181_head_frontal.tif,2.19242,0.21512,1.27657,0.18885,-2.61153,-2.65379,2.37526,-1.37676,-0.87073,0.06321,3.2093,0.4997
DESC-ANT-00182_head_frontal.tif,0.2572,-2.27159,-3.32796,-3.11045,-1.57474,-2.94608,1.7841,-3.16061,2.74836,-0.66139,0.70498,0.63376
DESC-ANT-00183_head_frontal.tif,0.53214,-2.18202,-2.71843,-3.92385,-1.8684,-3.04309,1.44495,-3.21323,2.84661,-0.52073,0.00557,0.04111
DESC-ANT-00184_head_frontal.tif,0.31082,-1.61271,-3.19896,-2.60362,-1.8003,-2.60872,1.03566,-2.82931,2.094,-0.6266,-0.03818,0.45251
DESC-ANT-00185_head_frontal.tif,-1.64396,-0.0222,1.05653,-0.41593,-1.78047,-2.92007,0.51915,-1.20497,2.65892,2.0764,0.10238,1.65674
DESC-ANT-00186_head_frontal.tif,0.78347,0.1845,-0.17998,-3.20937,-3.54357,-3.74798,2.89427,-2.45642,1.19355,-0.85949,0.9714,-0.95832
DESC-ANT-00187_head_frontal.tif,-1.8289,3.48398,2.19651,-1.71476,-3.25233,-0.11314,-2.22249,-4.83975,-1.73207,-2.52141,1.52013,7.46953
DESC-ANT-00188_head_frontal.tif,-1.46107,1.01785,-2.20058,-0.06341,-3.25816,-2.28072,2.86551,-0.98135,-2.23493,0.79309,1.74833,-3.92288
DESC-ANT-00189_head_frontal.tif,1.73512,0.1747,0.29678,-3.03291,-1.82451,1.28015,0.13218,0.29067,-0.69201,2.2378,-0.30391,-5.00968
DESC-ANT-00190_head_frontal.tif,1.43167,0.28959,0.41366,-3.4433,-2.46031,1.95931,0.0998,0.46734,-1.5853,2.6544,-0.01956,-5.14214
DESC-ANT-00191_head_frontal.tif,-1.35198,1.06209,3.78356,-2.18946,-2.21904,-1.94587,0.51147,-4.61254,-3.91708,-0.90021,-1.55584,3.91806
DESC-ANT-00192_head_frontal.tif,-1.65829,0.29072,5.12491,-0.99444,-2.00368,-1.94043,0.40629,-5.40379,-4.12148,-0.91347,-1.30014,4.1054
DESC-ANT-00193_head_frontal.tif,-1.91856,0.0461,3.77497,-1.30354,-1.78672,-1.19452,0.33946,-4.45737,-3.77581,-0.65672,-2.31242,3.80319
DESC-ANT-00194_head_frontal.tif,-1.81614,-0.42261,2.23976,-0.80706,-3.8757,-0.73041,-1.39639,-1.47799,-2.02559,-2.06807,-2.6347,0.10464
DESC-ANT-00195_head_frontal.tif,-4.08049,2.59879,-0.77893,1.15634,-0.49455,-4.24895,2.13183,1.94118,1.52257,0.42396,-1.11209,-0.12342
DESC-ANT-00196_head_frontal.tif,-4.45372,2.23664,-1.15962,0.81003,-1.07986,-4.51411,2.37686,2.37365,2.02258,0.95667,-0.53045,-0.30075
DESC-ANT-00197_head_frontal.tif,-3.73563,1.83608,-0.90248,1.13095,-0.94471,-4.46687,1.98451,1.49431,2.15868,0.05446,-0.53735,-0.00714
DESC-ANT-00198_head_frontal.tif,-4.19438,-3.83906,1.93407,-1.88282,-1.32162,-2.23447,-0.12933,-3.96542,0.00467,-2.55853,-3.67533,2.17208
DESC-ANT-00199_head_frontal.tif,1.90401,-0.1641,0.52341,-0.47317,-2.99202,-2.2828,2.13067,-0.59694,-0.56505,-0.08513,3.42376,0.30139
DESC-ANT-00200_head_frontal.tif,2.06582,-0.04139,-0.07367,0.25442,-3.11116,-1.99669,2.58498,-0.70495,-0.87379,0.26847,3.03683,0.77505
DESC-ANT-00201_head_frontal.tif,1.83903,0.92457,-0.30468,-3.37318,-3.1897,-3.83327,2.73513,-2.11835,1.41052,-0.20325,0.9923,-1.31095
DESC-ANT-00202_head_frontal.tif,-1.33937,0.09209,3.98775,-1.54067,-1.45698,-1.61551,0.56505,-5.4159,-3.89641,-1.17181,-1.502,4.38307
DESC-ANT-00203_head_frontal.tif,-1.64795,1.23037,4.37149,-1.07178,-1.66162,-1.65897,0.89772,-4.44258,-4.32121,-0.28602,-1.42968,4.59096
DESC-ANT-00204_head_frontal.tif,-2.51113,-1.32236,2.80611,-0.98559,-4.22904,-0.47859,-1.2911,-2.46433,-2.94714,-2.54704,-2.42464,-0.10696
DESC-ANT-00205_head_frontal.tif,-2.16284,-0.81221,2.3779,-1.80982,-3.8384,-0.89021,-1.59598,-2.01066,-2.18858,-2.07934,-3.0289,-0.25924
DESC-ANT-00206_head_frontal.tif,-1.3701,-1.28094,1.57702,-0.97761,-3.52418,-0.43803,-1.55626,-1.4698,-2.42044,-2.38332,-2.73273,-0.12818
DESC-ANT-00207_head_frontal.tif,-2.99693,-3.37815,1.68549,-0.97869,-2.20245,-1.01493,-1.12348,-5.06145,-0.04455,-2.9675,-3.90588,2.45178
DESC-ANT-00208_head_frontal.tif,-3.41764,-3.75521,2.18078,-2.19057,-1.92161,-0.52522,-0.62387,-4.51713,-0.06182,-1.84088,-4.21616,2.51681
DESC-ANT-00209_head_frontal.tif,0.12354,1.82436,3.33812,0.50637,-2.49685,-1.89148,-2.11571,-0.85468,-1.28013,-0.088,1.77982,3.77519
DESC-ANT-00210_head_frontal.tif,1.81167,0.31729,-0.08717,0.09474,-2.87048,-2.25257,2.66016,-1.20578,-0.66999,1.15691,2.65703,0.59584
DESC-ANT-00211_head_frontal.tif,2.4482,-0.43654,-0.3049,0.67246,-2.99455,-1.61264,2.78782,-0.97782,-0.51773,0.66758,3.85307,0.72529
DESC-ANT-00212_head_frontal.tif,2.34657,-0.00655,0.64789,0.20278,-3.21523,-2.56276,2.71606,-1.2225,-0.81609,0.11075,3.34862,0.72102
DESC-ANT-00213_head_frontal.tif,-1.96144,0.23537,-0.96361,-0.58815,-3.61947,-3.08925,4.86327,-1.65493,-1.87738,0.12809,3.42384,-3.54567
DESC-ANT-00214_head_frontal.tif,-1.54792,1.25587,-1.30909,-0.31908,-4.04921,-2.39747,4.54933,-1.18166,-2.13843,0.54186,2.89044,-2.95295
DESC-ANT-00215_head_frontal.tif,1.36253,0.44206,-0.00077,-3.12383,-3.78612,-4.18576,3.57376,-2.45357,1.33415,-0.56105,0.89972,-0.37246
DESC-ANT-00216_head_frontal.tif,1.59225,0.51776,0.00628,-3.23927,-4.05599,-3.48551,2.94667,-1.66684,1.28152,-0.15346,1.46275,-0.71015
DESC-ANT-00217_head_frontal.tif,0.84112,0.26208,0.02344,-3.01233,-3.70136,-3.58988,3.16372,-2.42059,1.55559,-0.19384,1.34657,-0.3025
DESC-ANT-00218_head_frontal.tif,-1.84801,0.69313,-2.83845,-0.26953,-4.31387,-2.05342,3.11079,-0.34415,-2.42585,1.07787,2.2733,-4.02408
DESC-ANT-00219_head_frontal.tif,-0.13684,1.81407,2.76218,0.81995,-2.1556,-1.82516,-1.19282,-0.90689,-1.30146,0.23897,0.9824,3.96872
DESC-ANT-00220_head_frontal.tif,-2.59444,1.83723,3.19907,-1.00428,-2.03992,-1.41509,1.19891,-1.98028,-2.70808,-1.22605,1.95123,2.57816
DESC-ANT-00221_head_frontal.tif,-2.30901,1.33648,3.05955,-0.96383,-1.63945,-1.16881,1.40253,-0.76529,-3.07262,-1.30483,1.12585,1.8138
DESC-ANT-00222_head_frontal.tif,0.62874,-1.67003,-2.20576,-2.39111,-1.90664,-2.93606,1.63689,-2.90153,2.68184,-0.16475,0.46287,0.43119
DESC-ANT-00223_head_frontal.tif,0.72886,-1.3376,-2.53677,-3.10735,-1.4803,-2.6897,1.59785,-3.07185,2.21483,-0.27663,-0.46049,0.25403
DESC-ANT-00224_head_frontal.tif,-1.48004,0.07694,0.8616,0.04833,-0.97565,-2.66142,-0.44528,-1.31837,2.54996,1.5419,-0.67962,1.6807
DESC-ANT-00225_head_frontal.tif,-0.82474,0.40262,1.02728,-0.62466,-1.89322,-2.95824,0.37703,-0.72842,2.70389,2.02531,-0.17272,2.17067
DESC-ANT-00226_head_frontal.tif,-0.88186,0.29636,1.14438,-0.56749,-1.71178,-3.24333,0.06221,-1.10784,2.83649,1.46024,0.44397,1.49298
DESC-ANT-00227_head_frontal.tif,-2.03997,1.66008,-0.41186,-0.53192,-4.90134,-2.81624,4.41072,-1.5608,-1.58687,0.53862,3.61261,-3.64482
DESC-ANT-00228_head_frontal.tif,-1.89551,0.89636,-2.95157,-0.26882,-4.35217,-2.53378,2.59565,-0.48056,-1.97687,0.87077,1.44827,-4.41356
DESC-ANT-00229_head_frontal.tif,-2.10931,1.04456,-2.61436,0.39581,-4.10343,-3.0254,2.68444,-1.29155,-2.3159,0.80899,1.52967,-4.50815
DESC-ANT-00230_head_frontal.tif,-1.0936,0.1795,3.8655,-1.36023,-1.95613,-1.74157,0.74566,-4.22181,-4.48863,-0.66148,-1.59501,4.22534
DESC-ANT-00231_head_frontal.tif,-1.70735,0.39614,4.53826,-1.44311,-1.75599,-1.59155,0.59728,-4.88789,-3.51607,-0.65813,-1.54859,4.2367
DESC-ANT-00232_head_frontal.tif,-2.36613,-1.27935,2.23493,-1.32366,-4.10449,-0.5171,-0.9806,-2.43542,-1.55419,-1.97481,-2.55657,0.28323
DESC-ANT-00233_head_frontal.tif,-2.0512,-1.12319,2.9356,-1.44998,-3.76717,-0.30392,-1.53873,-1.85485,-2.01027,-1.14553,-2.83224,-0.10682
DESC-ANT-00234_head_frontal.tif,-3.7634,2.5987,0.28944,1.88783,1.74368,-0.66586,-0.35837,-2.02883,3.30808,-0.54804,-0.43766,1.61263
DESC-ANT-00235_head_frontal.tif,-3.91684,2.42998,0.7446,1.45612,2.24305,-0.0686,-0.89073,-2.24333,3.08341,-0.21475,0.09906,1.68671
DESC-ANT-00236_head_frontal.tif,-4.07223,2.61447,0.36031,1.98142,1.45613,-0.63462,-0.70901,-2.00022,3.15941,-0.29867,-0.37601,1.87295
DESC-ANT-00237_head_frontal.tif,-3.17888,-3.57138,2.02107,-2.01207,-2.11789,-1.8516,-0.20974,-5.20095,-0.66737,-3.06683,-3.22661,2.03497
DESC-ANT-00238_head_frontal.tif,-3.20699,-3.78402,1.06345,-1.42326,-1.99901,-1.39302,-0.30274,-4.63716,-0.31365,-2.61565,-3.6801,3.15074
DESC-ANT-00239_head_frontal.tif,-3.12007,-3.52843,1.47692,-1.56962,-1.71855,-1.71781,-0.95172,-4.5446,-0.46526,-1.79631,-4.62853,2.61259
DESC-ANT-00240_head_frontal.tif,0.17721,1.37648,2.88164,0.80536,-1.94367,-1.97904,-2.43594,-0.46477,-0.69712,0.20511,0.45547,4.33062
DESC-ANT-00241_head_frontal.tif,-0.14173,2.16201,3.09202,0.52247,-2.67217,-1.14116,-1.38115,-1.55338,-1.55812,0.94435,1.10175,3.3463
DESC-ANT-00242_head_frontal.tif,-0.07068,1.73072,3.07317,0.4861,-2.62252,-1.81643,-1.76634,-1.0896,-1.3318,0.27195,1.68731,3.95316
DESC-ANT-00243_head_frontal.tif,-1.39861,0.52128,-2.87002,0.5334,-3.78272,-2.35454,2.43741,-1.54206,-2.32359,1.04499,2.09144,-4.82264
DESC-ANT-00244_head_frontal.tif,1.95083,1.07614,0.18903,-3.9166,-2.28419,1.03245,-0.48894,-0.54665,-0.58503,2.81286,0.24935,-5.16837
DESC-ANT-00245_head_frontal.tif,1.91562,1.06137,-0.09346,-3.42256,-1.96684,1.41202,-0.16731,0.1036,-0.84581,3.10458,0.529,-5.42187
DESC-ANT-00246_head_frontal.tif,1.86534,-0.24703,-0.02593,-3.43183,-2.96382,1.7564,-0.03946,-0.13497,-1.43933,2.33643,-0.1134,-5.44363
DESC-ANT-00247_head_frontal.tif,1.87845,1.22267,0.03725,-3.11539,-2.25873,1.24437,-0.25774,0.26423,-1.66684,2.79427,0.05543,-4.53814
DESC-ANT-00248_head_frontal.tif,1.43413,0.19845,-0.5456,-2.90426,-1.99379,1.90152,-0.55373,-0.28637,-1.28199,2.71005,-0.67928,-4.86277
DESC-ANT-00249_head_frontal.tif,-1.99583,-1.27563,1.42807,-1.16455,-3.67548,-0.69147,-1.31428,-2.06114,-1.8951,-2.00444,-2.47664,-0.43017
DESC-ANT-00250_head_frontal.tif,-2.29278,-0.85451,1.81561,-1.5147,-3.8482,-0.1801,-1.09752,-1.30828,-2.1916,-2.09463,-3.00705,-0.29182
DESC-ANT-00251_head_frontal.tif,-3.28696,2.11284,-0.61229,1.39945,-1.01494,-4.67904,2.20434,1.98854,2.05732,0.82045,-0.26703,-0.82003
DESC-ANT-00252_head_frontal.tif,-4.32346,2.92196,-0.02528,1.66873,2.54156,-0.94136,-1.15156,-2.38974,3.61664,-0.71291,0.16148,1.69463
DESC-ANT-00253_head_frontal.tif,-0.20275,2.87125,3.13214,0.46594,-2.68549,-1.52366,-1.73998,-0.53493,-1.18103,-0.17869,1.41647,3.71433
DESC-ANT-00254_head_frontal.tif,-2.17869,1.00531,-1.20945,-0.33286,-5.17722,-2.7265,3.61502,-1.71808,-1.83444,0.79633,3.42361,-3.72103
DESC-ANT-00255_head_frontal.tif,-1.10796,1.54356,-0.51479,-1.11539,-4.67771,-2.22842,4.12818,-1.65727,-2.01397,0.57773,3.64568,-3.41895
DESC-ANT-00256_head_frontal.tif,-1.61904,0.98923,-0.72968,-0.89723,-3.9583,-2.21096,4.51537,-1.38624,-1.90896,0.06997,3.66739,-3.52127
DESC-ANT-00257_head_frontal.tif,-1.69977,3.09317,2.44325,-1.09559,-2.72114,-0.37169,-2.30928,-4.50603,-1.96416,-1.43867,1.5236,6.5015
DESC-ANT-00258_head_frontal.tif,-1.25596,4.17274,2.12961,-0.78044,-3.31571,0.36655,-2.12605,-5.56617,-1.47958,-1.84014,2.23946,7.41395
DESC-ANT-00259_head_frontal.tif,2.38112,0.857,-0.13904,-3.73894,-2.36805,1.66193,-1.05866,0.14684,-0.74823,3.68942,0.19499,-5.46124
DESC-ANT-00260_head_frontal.tif,1.55907,0.32885,-0.63447,-2.77647,-1.99974,1.24397,-0.26748,0.45438,-1.13562,2.8085,-0.68054,-5.13556
DESC-ANT-00261_head_frontal.tif,2.02139,0.86189,-0.27091,-3.67165,-1.80699,1.32981,0.1307,0.20703,-1.00054,3.28524,-0.13926,-4.64092
DESC-ANT-00262_head_frontal.tif,-4.31519,2.32702,0.93582,2.28197,2.19327,-0.01099,-0.64557,-2.31248,3.51753,-0.65013,-0.07505,1.29306
DESC-ANT-00263_head_frontal.tif,-3.64702,2.19513,0.88973,1.24827,2.08975,-1.18191,-0.45917,-2.93972,3.01143,-0.24433,-0.33506,1.68316
DESC-ANT-00264_head_frontal.tif,-4.1614,1.76203,0.81826,1.89627,1.31831,-0.62104,-1.03288,-2.73464,3.16776,-0.89524,0.74916,1.11542
DESC-ANT-00265_head_frontal.tif,-2.90074,-4.28923,1.08699,-1.10837,-2.3995,-1.19428,-0.23332,-4.64074,-0.68844,-3.43628,-3.72874,2.1611
DESC-ANT-00266_head_frontal.tif,0.03744,1.84972,2.62267,1.2573,-2.13486,-1.35997,-2.29777,-0.94774,-1.42185,0.17721,0.83686,3.97459
DESC-ANT-00267_head_frontal.tif,0.00799,1.89653,2.93016,1.1058,-2.44829,-2.6151,-2.10725,-0.82509,-0.89256,0.21712,1.14277,3.59048
DESC-ANT-00268_head_frontal.tif,0.1607,1.61199,2.89603,0.39419,-2.31919,-1.84341,-2.46977,-0.58721,-1.4759,0.44732,1.36112,4.24373
DESC-ANT-00269_head_frontal.tif,-1.98087,-0.18157,-2.18884,0.2571,-3.91692,-2.30203,3.17997,-0.71413,-3.00217,1.15561,1.62511,-4.5356
DESC-ANT-00270_head_frontal.tif,-1.26462,0.85783,-2.8433,-0.42523,-3.90697,-2.13291,2.92615,-1.33684,-2.72223,0.33587,1.88563,-4.08534
DESC-ANT-00271_head_frontal.tif,-1.51033,0.27935,-2.64268,0.41843,-4.14244,-2.37342,3.69769,-0.82893,-2.13645,0.62301,1.82486,-4.97215
DESC-ANT-00272_head_frontal.tif,2.40539,1.27441,0.43801,-3.03876,-2.18887,1.44543,-0.3024,0.33646,-1.58371,3.0013,-0.72473,-5.53526
DESC-ANT-00273_head_frontal.tif,-2.42987,-1.49473,1.68718,-0.67769,-3.80305,-0.52394,-0.75902,-1.37845,-2.32218,-1.52111,-2.38516,-0.08897
DESC-ANT-00274_head_frontal.tif,-4.28825,1.72306,-0.90674,1.36607,-1.14181,-4.65192,2.50192,2.24768,2.16556,1.0922,-0.4625,-0.6578
DESC-ANT-00275_head_frontal.tif,-3.67785,1.89282,-1.04638,1.73092,-1.08201,-4.94546,2.33321,2.39611,1.92535,1.07924,-0.47422,-0.72251
DESC-ANT-00276_head_frontal.tif,-4.03072,1.948,-0.22617,0.74825,-0.43856,-4.96031,2.08079,2.04611,2.11766,0.74697,-0.89825,-0.42377
DESC-ANT-00277_head_frontal.tif,-3.60469,-2.69737,1.61866,-1.23915,-2.63232,-1.49614,-1.08399,-4.16695,-0.40774,-2.28404,-4.03995,2.31072
DESC-ANT-00278_head_frontal.tif,-2.94154,0.62524,3.1287,-1.59194,-2.1162,-0.60106,0.94372,-1.37522,-3.27966,-0.69366,1.832,2.15581
DESC-ANT-00279_head_frontal.tif,-2.67608,0.96457,3.05652,-0.79027,-2.46875,-0.599,0.76685,-1.98358,-3.66693,-0.47866,1.38876,2.40646
DESC-ANT-00280_head_frontal.tif,-0.983,0.58415,0.7435,-0.1861,-1.36492,-2.22637,0.22525,-1.17452,2.00709,1.85419,0.20506,1.32032
DESC-ANT-00281_head_frontal.tif,-1.75046,0.05467,1.18996,-0.66923,-1.54527,-2.6585,0.40024,-1.09559,2.82834,1.41159,0.51144,2.01432
DESC-ANT-00282_head_frontal.tif,-1.08433,-0.0345,0.5892,-0.09374,-1.63696,-2.42334,0.09822,-0.9868,3.09218,1.77819,-0.3586,1.5272
DESC-ANT-00283_head_frontal.tif,-0.96784,0.80119,-1.0754,-0.27753,-4.34807,-2.89058,3.7331,-1.37939,-1.77384,1.507,3.394,-3.05961
DESC-ANT-00284_head_frontal.tif,-1.81041,0.29855,-2.6641,0.48726,-3.58913,-2.6679,3.39796,-1.06676,-2.80449,0.71549,1.29835,-4.37053
DESC-ANT-00285_head_frontal.tif,-1.76783,0.4655,-2.53728,0.11437,-3.96212,-2.82567,2.96927,-1.19859,-2.60291,0.74241,1.87708,-4.94847
DESC-ANT-00286_head_frontal.tif,-2.41642,0.42994,-2.5589,0.35059,-3.65107,-1.86606,3.12809,-0.90768,-2.8065,0.44408,1.64673,-4.27851
DESC-ANT-00287_head_frontal.tif,-1.56461,0.51675,4.13334,-1.05964,-1.63851,-1.48726,0.66761,-5.01929,-4.2266,-0.4832,-1.46366,4.1777
DESC-ANT-00288_head_frontal.tif,-1.27819,-1.17757,2.09136,-0.98101,-4.13698,-0.55941,-0.53514,-1.49228,-1.9243,-1.77876,-2.48058,0.2453
DESC-ANT-00289_head_frontal.tif,-2.13019,-1.05983,2.20322,-0.75695,-3.61735,-0.36435,-1.8728,-1.40157,-1.32636,-1.51889,-2.63093,-0.38709
DESC-ANT-00290_head_frontal.tif,-3.89684,2.22489,0.96442,1.56109,2.04227,-0.34508,-1.46567,-2.28098,2.92096,-1.15017,-0.26926,1.58301
DESC-ANT-00291_head_frontal.tif,-3.63216,2.03784,1.07822,2.45131,1.91514,-0.63075,-0.75908,-2.79472,3.35255,-0.52234,0.20287,2.55874
DESC-ANT-00292_head_frontal.tif,-3.09786,-3.04981,1.22254,-1.70515,-2.36229,-1.55775,-0.38925,-4.62159,0.29293,-1.94882,-3.53082,2.35102
DESC-ANT-00293_head_frontal.tif,0.14369,2.05252,2.73394,0.77602,-2.26686,-1.5811,-1.33332,-0.38018,-1.51938,0.36594,0.93786,4.02531
DESC-ANT-00294_head_frontal.tif,-0.37574,2.09181,3.24309,0.99374,-2.56478,-2.16657,-1.26517,-0.86554,-0.74859,0.47294,1.46617,4.46288
DESC-ANT-00295_head_frontal.tif,-2.11137,0.73623,3.2914,-1.27714,-2.00931,-0.91706,1.35152,-1.10267,-3.69003,-1.19998,1.11745,2.72884
DESC-ANT-00296_head_frontal.tif,-2.74953,1.41561,2.84739,-0.95866,-1.6072,-1.0592,1.24741,-2.1798,-2.93434,-0.9157,1.17383,2.71293
DESC-ANT-00297_head_frontal.tif,-3.32711,0.60778,2.50063,-1.36215,-1.95587,-0.94771,1.20675,-1.42942,-3.20647,-1.65764,0.93289,3.06023
DESC-ANT-00298_head_frontal.tif,1.47272,-0.12996,0.68499,0.08602,-3.15487,-2.33952,2.90267,-0.58162,-0.99909,0.71148,3.52857,0.95929
DESC-ANT-00299_head_frontal.tif,-2.15078,1.53999,-1.10896,-0.63315,-4.26095,-2.07621,3.8686,-1.75428,-2.68833,1.18756,3.21479,-3.27767
DESC-ANT-00300_head_frontal.tif,1.20103,0.95781,-0.07283,-2.91353,-3.48334,-4.06471,2.27034,-2.18867,1.60593,0.23882,0.44927,-1.20348
DESC-ANT-00301_head_frontal.tif,-2.35043,3.27318,2.99646,-1.12798,-3.22917,-0.10773,-1.72662,-5.1199,-1.51664,-2.11546,0.74041,6.676
DESC-ANT-00302_head_frontal.tif,-4.1325,2.52025,0.49804,1.57536,2.09944,-0.91566,-1.11207,-3.47243,2.96491,-1.34514,-0.6915,1.93795
DESC-ANT-00303_head_frontal.tif,-3.74591,1.89931,1.00846,1.90576,1.43178,-0.56479,-1.32371,-2.805,2.66147,-1.04578,0.25435,1.19287
DESC-ANT-00304_head_frontal.tif,-4.3969,2.23724,0.77885,1.62609,2.00785,-1.0708,-1.20569,-2.5599,3.17756,-0.98369,0.04271,2.29361
DESC-ANT-00305_head_frontal.tif,-0.27812,1.78135,3.57739,0.42371,-2.81432,-2.04382,-1.74836,-0.62985,-1.28754,0.33168,1.67028,4.11984
DESC-ANT-00306_head_frontal.tif,-2.61177,1.2852,3.2308,-1.27874,-2.19667,-1.08917,0.59889,-1.70093,-3.25964,-1.06198,0.99888,2.15777
DESC-ANT-00307_head_frontal.tif,-2.95468,0.87161,3.22007,-1.36685,-1.81883,-1.32402,1.25176,-2.28654,-3.2216,-1.40457,1.5586,2.37
DESC-ANT-00308_head_frontal.tif,0.53214,-1.49602,-2.79895,-3.09576,-1.34224,-3.34327,1.30084,-2.94213,2.35277,-0.03703,0.27788,0.49856
DESC-ANT-00309_head_frontal.tif,-1.20085,0.36514,1.1066,-0.47961,-1.45638,-2.15309,0.47587,-0.88565,2.94086,1.24871,0.11932,1.64502
DESC-ANT-00310_head_frontal.tif,-0.99044,0.25667,0.84508,-0.37745,-1.29076,-2.25336,0.08147,-1.68498,2.50796,1.03383,-0.35303,1.81985
DESC-ANT-00311_head_frontal.tif,-2.01271,1.30032,-1.19042,-1.16345,-4.80025,-2.92317,4.67557,-2.05221,-1.71346,1.46383,3.29451,-3.45964
DESC-ANT-00312_head_frontal.tif,-2.01813,1.19801,-0.69677,-0.66483,-3.96163,-2.20953,4.29847,-1.4705,-2.17011,1.12012,2.96802,-3.3017
DESC-ANT-00313_head_frontal.tif,-1.54679,3.26084,3.36537,-1.68367,-3.53886,-0.07461,-2.6878,-5.30888,-2.20614,-2.52041,1.44109,6.90377
DESC-ANT-00314_head_frontal.tif,2.25109,0.93497,0.20607,-3.4615,-1.83654,1.46606,-0.47974,0.63739,-1.05249,2.73237,-0.13647,-4.6245
DESC-ANT-00315_head_frontal.tif,1.49275,0.48784,-0.41212,-3.25566,-2.46118,2.11108,-0.08431,-0.18113,-1.3347,2.23183,-0.38548,-4.74063
DESC-ANT-00316_head_frontal.tif,2.06068,-0.15441,-0.11757,-3.12083,-2.12003,2.04114,-0.71552,0.28538,-1.55633,2.72313,-0.25827,-4.69215
DESC-ANT-00317_head_frontal.tif,-1.86357,0.56001,3.75818,-1.79376,-1.53718,-1.63057,-0.02674,-5.14558,-3.8793,-0.13121,-1.26418,4.51372
DESC-ANT-00318_head_frontal.tif,-2.12996,-0.76524,2.28495,-0.94875,-3.83496,-0.00581,-0.66823,-1.87235,-2.50877,-1.288,-2.73354,0.30815
DESC-ANT-00319_head_frontal.tif,-1.42806,-1.26237,2.2487,-1.21602,-3.57331,-0.5088,-0.50406,-1.6331,-2.1691,-1.61263,-2.6354,-0.23845
DESC-ANT-00320_head_frontal.tif,-1.31281,-1.21963,1.97591,-1.07906,-4.12336,-1.35904,-0.81546,-2.11428,-2.3555,-2.13697,-2.88381,-0.48658
DESC-ANT-00321_head_frontal.tif,-3.95824,3.38892,0.94759,1.9858,1.15857,-0.85086,-1.18913,-2.1338,3.06495,-0.66399,-0.10478,1.43479
DESC-ANT-00322_head_frontal.tif,-4.54704,2.75257,0.20577,1.31112,1.58123,-1.08959,-0.68343,-2.05043,3.23182,-0.60841,-0.06568,1.93931
DESC-ANT-00323_head_frontal.tif,-4.66064,2.67818,0.3633,1.29281,1.68707,-0.97803,-0.57089,-2.01884,2.33073,-0.70272,0.61158,1.94265
DESC-ANT-00324_head_frontal.tif,-2.58647,0.73275,2.57214,-0.96402,-1.64742,-1.19678,1.11569,-1.61177,-3.67442,-1.35852,1.91396,3.06514
