species,side_of_alps,image,gbifID,institution,catalog,license,url
Acronicta alni,north,Acronicta_alni__5761520936.png,5761520936,ETHZ,ETHZ-ENT0234544,http://creativecommons.org/licenses/by/4.0/legalcode,https://nahima.ethz.ch/api/v1/eas/download/586319/8657fde4f52e7040fe71bf2a4aea9a2e12ec1b1fe0483863cda880c22a94a03d/original.jpg
Acronicta alni,south,Acronicta_alni__5761358965.png,5761358965,ETHZ,ETHZ-ENT0067003,http://creativecommons.org/licenses/by/4.0/legalcode,https://nahima.ethz.ch/api/v1/eas/download/119255/728fd1f31010701789521913b0df1f32206f0dacd5199bf58054468c06066427/original.jpg
Arctia caja,north,Arctia_caja__5761358903.png,5761358903,ETHZ,ETHZ-ENT0054647,http://creativecommons.org/licenses/by/4.0/legalcode,https://nahima.ethz.ch/api/v1/eas/download/102478/edc161af4ea39209c8e875c3514fb69af48d42b9ec493d0bee218b12ad3fc629/original.jpg
Arctia plantaginis,north,Arctia_plantaginis__5761370606.png,5761370606,ETHZ,ETHZ-ENT0055278,http://creativecommons.org/licenses/by/4.0/legalcode,https://nahima.ethz.ch/api/v1/eas/download/104455/381fbec076fdc704de45433e3648802af217ce46b5612c56309cd8b9d5ff3873/original.jpg
Arctia villica,south,Arctia_villica__5761399688.png,5761399688,ETHZ,ETHZ-ENT0054951,http://creativecommons.org/licenses/by/4.0/legalcode,https://nahima.ethz.ch/api/v1/eas/download/103278/4acc1e70c3ef4d9f2aebb3fffae08644706550d9228fd201dd50812ff715bcc2/original.jpg
Callimorpha dominula,north,Callimorpha_dominula__5761433261.png,5761433261,ETHZ,ETHZ-ENT0053765,http://creativecommons.org/licenses/by/4.0/legalcode,https://nahima.ethz.ch/api/v1/eas/download/100612/9f7aa6f704f28b42868b2223bc7c774c99ac5a6c4ddd63bb410ea11c742f86f4/original.jpg
Callimorpha dominula,south,Callimorpha_dominula__5761470534.png,5761470534,ETHZ,ETHZ-ENT0053654,http://creativecommons.org/licenses/by/4.0/legalcode,https://nahima.ethz.ch/api/v1/eas/download/100310/5294244e5a30e881d2a2441d1347ca20b96001749177126ea55f6b892c294796/original.jpg
Calliteara pudibunda,north,Calliteara_pudibunda__5761322777.png,5761322777,ETHZ,ETHZ-ENT0172534,http://creativecommons.org/licenses/by/4.0/legalcode,https://nahima.ethz.ch/api/v1/eas/download/240492/8241384691cee15d75a4638a64745e5ef6928e7586ee5b226582bea5255efc20/original.jpg
Calliteara pudibunda,south,Calliteara_pudibunda__5761315160.png,5761315160,ETHZ,ETHZ-ENT0049412,http://creativecommons.org/licenses/by/4.0/legalcode,https://nahima.ethz.ch/api/v1/eas/download/94995/d3b69fd6717a0284e70b0edd972273256845f460f7ba686a094acdf9cda2b81f/original.jpg
Diacrisia sannio,north,Diacrisia_sannio__5761318931.png,5761318931,ETHZ,ETHZ-ENT0177898,http://creativecommons.org/licenses/by/4.0/legalcode,https://nahima.ethz.ch/api/v1/eas/download/242352/0bfdf3ba35405880ca44b6b866e637c0b71ca9ea8b2b03ad1242e5d6bb9609ec/original.jpg
Dicallomera fascelina,north,Dicallomera_fascelina__5761364569.png,5761364569,ETHZ,ETHZ-ENT0049148,http://creativecommons.org/licenses/by/4.0/legalcode,https://nahima.ethz.ch/api/v1/eas/download/94369/eecd5ff5ccea609fa8538e3deb3e81c224643059199e2a650e134b04acf45e7a/original.jpg
Euplagia quadripunctaria,north,Euplagia_quadripunctaria__5761476386.png,5761476386,ETHZ,ETHZ-ENT0053868,http://creativecommons.org/licenses/by/4.0/legalcode,https://nahima.ethz.ch/api/v1/eas/download/100755/d3d81aebcffb0ede599cd6dbd4ebb212ac379d62ec4994ac29d18926f81bbca7/original.jpg
Euplagia quadripunctaria,south,Euplagia_quadripunctaria__5761432454.png,5761432454,ETHZ,ETHZ-ENT0053913,http://creativecommons.org/licenses/by/4.0/legalcode,https://nahima.ethz.ch/api/v1/eas/download/100801/3c967c16e668f6c18faf7a06d64b121a2b47a605a942d561877d4c91a8a174de/original.jpg
Hypena proboscidalis,north,Hypena_proboscidalis__5761449168.png,5761449168,ETHZ,ETHZ-ENT0061449,http://creativecommons.org/licenses/by/4.0/legalcode,https://nahima.ethz.ch/api/v1/eas/download/109870/991886c903d288a9e557dc4450d7f23f8153ed3b429ada1e7cc7b012a5620d88/original.jpg
Hypena proboscidalis,south,Hypena_proboscidalis__5761367175.png,5761367175,ETHZ,ETHZ-ENT0061458,http://creativecommons.org/licenses/by/4.0/legalcode,https://nahima.ethz.ch/api/v1/eas/download/109889/a661cb973722c38d168cb3babde9e9bacd72efc4f10eed7bc1d84af2f174f6a4/original.jpg
Hypena rostralis,north,Hypena_rostralis__5761372819.png,5761372819,ETHZ,ETHZ-ENT0149995,http://creativecommons.org/licenses/by/4.0/legalcode,https://nahima.ethz.ch/api/v1/eas/download/232303/dd5fbfb5b364c0d5259b18283a6abed437789900b9794cdd23377383a7e4db91/original.jpg
Hypena rostralis,south,Hypena_rostralis__5761342498.png,5761342498,ETHZ,ETHZ-ENT0061546,http://creativecommons.org/licenses/by/4.0/legalcode,https://nahima.ethz.ch/api/v1/eas/download/110019/739de358a30ec8bf5593680ac02cb3bf1a91624f78c01b06d48fa02782b74556/original.jpg
Laspeyria flexula,north,Laspeyria_flexula__5761343764.png,5761343764,ETHZ,ETHZ-ENT0062894,http://creativecommons.org/licenses/by/4.0/legalcode,https://nahima.ethz.ch/api/v1/eas/download/113706/a16972c87c8e4ee607fb4ae95d637f3068fa74ba4d210b04c7730262c8feff76/original.jpg
Miltochrista miniata,north,Miltochrista_miniata__5761339843.png,5761339843,ETHZ,ETHZ-ENT0050805,http://creativecommons.org/licenses/by/4.0/legalcode,https://nahima.ethz.ch/api/v1/eas/download/98173/0754f1056dc950e128eba112ea05385d509b3282503b1d16e66986c338e23f24/original.jpg
Miltochrista miniata,south,Miltochrista_miniata__5761419436.png,5761419436,ETHZ,ETHZ-ENT0050740,http://creativecommons.org/licenses/by/4.0/legalcode,https://nahima.ethz.ch/api/v1/eas/download/98009/50f7bcddd00cdaeea201fafb835b06d3281e93ded6033e32b9610cc4e620b5ae/original.jpg
Minucia lunaris,south,Minucia_lunaris__5761338159.png,5761338159,ETHZ,ETHZ-ENT0064062,http://creativecommons.org/licenses/by/4.0/legalcode,https://nahima.ethz.ch/api/v1/eas/download/116866/d47b0d6b01d752804693408be69b74baa4285b5c8a4d287e841a467280838070/original.jpg
Nudaria mundana,north,Nudaria_mundana__5761412963.png,5761412963,ETHZ,ETHZ-ENT0050620,http://creativecommons.org/licenses/by/4.0/legalcode,https://nahima.ethz.ch/api/v1/eas/download/97654/c32424cf9a0c2ef91878c99b9f567c812a6f64c6cf07ee98614ff1d16f9ec6df/original.jpg
Paracolax tristalis,south,Paracolax_tristalis__5761337611.png,5761337611,ETHZ,ETHZ-ENT0061667,http://creativecommons.org/licenses/by/4.0/legalcode,https://nahima.ethz.ch/api/v1/eas/download/110691/39ff1cf9ebfa00451cea60853ed83f1eda4e4848640627876f8f534e26a010cd/original.jpg
Phragmatobia fuliginosa,north,Phragmatobia_fuliginosa__5761349004.png,5761349004,ETHZ,ETHZ-ENT0105223,http://creativecommons.org/licenses/by/4.0/legalcode,https://nahima.ethz.ch/api/v1/eas/download/169245/e07c11fb7e48cee0f92e3d62d91013e95bc07f0df1cea5a12950a6df3ee9eb2b/original.jpg
Phragmatobia fuliginosa,south,Phragmatobia_fuliginosa__5761426856.png,5761426856,ETHZ,ETHZ-ENT0056812,http://creativecommons.org/licenses/by/4.0/legalcode,https://nahima.ethz.ch/api/v1/eas/download/103094/163d573242eb83096f3a8d5be8ad1fbf19d2f3dd12e3c1fb7d85e877051df53f/original.jpg
Schrankia costaestrigalis,south,Schrankia_costaestrigalis__5761622843.png,5761622843,ETHZ,ETHZ-ENT0062580,http://creativecommons.org/licenses/by/4.0/legalcode,https://nahima.ethz.ch/api/v1/eas/download/113266/3a29c3d44b28f055d6f5900dc84c1a308bedd9e1fb59d36328257fc4b7f02483/original.jpg
Tyria jacobaeae,north,Tyria_jacobaeae__5761444055.png,5761444055,ETHZ,ETHZ-ENT0054025,http://creativecommons.org/licenses/by/4.0/legalcode,https://nahima.ethz.ch/api/v1/eas/download/101365/b6705818545737d22dbb470783b524336687e395b7c8d126553fed4170860591/original.jpg
